idx,name,score,writer,age_limit,g1,g2,g3,g4,g5,g6,g7,g8,g9,g10,g11,g12,keywords
1182,무지개다리 파수꾼,9.87,이서,0,0,0,0,0,0,0,1,0,0,0,0,0,"['동물', '한철', '성공', '수의사', '유명', '전부', '소리']"
1183,서천화원,9.66,곡,0,0,0,0,0,0,0,0,1,0,0,0,0,"['공주', '운명', '모험', '좌충우돌', '개척', '로맨스']"
1184,봄날의 팔광,9.58,우표,0,0,0,0,0,1,0,0,1,0,0,0,0,"['로맨스', '달님', '지상', '판타지', '선녀', '싸가지', '최대']"
1185,뱀파이어님의 대리식사,9.46,웬즈데이,0,0,0,0,0,1,0,0,1,0,0,0,0,"['대학생', '생활', '동거', '시영', '뱀파이어']"
1186,현세이의 보이는 라디오,9.88,부족,0,0,0,1,0,0,0,1,0,0,0,0,0,"['일상', '리머', '현세', '소통']"
1187,강호표사,9.76,OZi,0,0,0,0,0,0,1,0,0,0,0,0,0,"['사부', '속물', '무영', '협객', '사항', '희망']"
1188,사귄 건 아닌데,9.88,민홍,0,0,0,0,0,0,0,1,1,0,0,0,0,['첫사랑']
1189,하나밖에 안 보여!,9.88,샌도,0,0,0,0,0,0,0,0,1,0,0,0,1,"['하나', '프로젝트', '만들기', '미소년', '친구', '햇살']"
1190,쓰레기 머학생,7.74,수레기,0,0,0,1,0,0,0,0,0,0,0,0,1,"['대학생', '일상', '쓰레기', '수학']"
1191,흑우,9.66,늙슬,0,0,0,0,0,0,0,1,0,1,0,0,0,"['사기극', '탐욕', '호구', '주식', '몸부림']"
1192,타원을 그리는 법,9.88,섬멍,0,0,0,0,0,0,0,1,0,1,0,0,0,"['예기', '민성', '사건', '연애', '비밀']"
1193,교수님을 빚는 중,9.84,서아,0,0,0,0,0,0,0,1,1,0,0,0,0,"['보컬', '수업', '교수', '교수님', '수강생']"
1194,조류공포증,9.8,조눈/리도,0,0,0,0,0,0,0,0,0,1,0,0,0,"['돌연변이', '공포증', '가족', '조류']"
1195,이대로 멈출 순 없다,9.88,골왕,0,0,0,0,1,0,0,0,0,0,0,0,1,"['막장', '정문', '문제아', '최악', '학교', '쓰레기', '여상', '사상']"
1196,그라티아,9.58,기현,0,0,0,0,0,1,1,0,0,0,0,0,0,"['시스트', '소녀']"
1197,NR 뉴월드,9.75,전상영,0,0,0,0,0,1,1,0,0,0,0,0,0,"['활극', '라마', '액션', '오리', '세상']"
1198,일단 질러! 질렐루야,9.6,yami ,0,0,0,1,1,0,0,0,0,0,0,0,0,"['소한', '생활', '오라', '세계', '지름']"
1199,트레이스,9.79,고영훈,0,0,0,0,0,1,1,0,0,0,0,0,0,"['트레이스', '트러블', '생존', '싸움']"
1200,오무라이스 잼잼,8.85,조경규,0,0,0,1,1,0,0,0,0,0,0,0,0,"['최선', '세상', '조경']"
1201,개목걸이,9.3,만두,0,0,0,0,0,0,1,0,0,0,0,0,1,"['사정', '싸움판', '소년', '저마다']"
1202,신랑이 사라졌다,9.83,방자,0,0,0,0,0,0,0,1,1,0,0,0,0,"['톱스타', '사랑', '분투', '고군분투', '신랑', '고군']"
1203,화목한 가족,9.8,서늬,0,0,0,0,0,0,0,1,0,0,0,0,1,"['전학생', '변화', '영진', '의미', '비밀', '만남', '유은']"
1204,악마의 편집,9.7,건초,0,0,0,0,0,0,0,0,0,1,0,0,0,"['진실', '사건', '편집', '유명', '방송인', '살인', '인터넷']"
1205,대선비쇼에 어서오세요!,9.62,아람,0,0,0,0,1,0,0,1,0,0,0,0,0,"['졸업', '지망생', '방송', '선수', '유도', '지망']"
1206,사랑하는 존재,9.89,향유 크리에이티브,0,0,0,0,0,0,0,1,1,0,0,0,0,"['소유', '이식', '남자애', '아빠', '수술', '심장']"
1207,비밀 사이,9.89,맥퀸스튜디오,0,0,0,0,0,0,0,1,1,0,0,0,0,"['회사', '로맨스']"
1208,아싸클럽,9.66,랑쓰,0,0,0,0,0,0,0,1,1,0,0,0,0,"['클럽', '가능', '성장', '가입', '친구', '수상', '스토리', '동아리']"
1209,너를 만나다,9.88,다노아,0,0,0,0,0,0,0,0,1,0,0,0,1,"['변화', '나의']"
1210,뱀파이어 신드롬,9.2,이충호,0,0,0,0,0,1,1,0,0,0,0,0,0,"['복수', '뱀파이어']"
1211,화폐개혁,9.62,임정호,0,0,0,0,0,0,0,1,0,1,0,0,0,"['유일한', '바닥', '최하층', '밑바닥', '기회', '상속', '최하']"
1212,그녀의 앵무새,9.92,금계수,0,0,0,0,0,0,0,1,1,0,0,0,0,"['정체불명', '은행원', '추구', '상극', '이상적', '이상', '현실', '실적', '앵무새', '불명']"
1213,닥터 파인의 하루,9.88,김용회,0,0,0,0,0,1,0,1,1,0,0,0,0,"['수거', '영혼', '구역', '사랑', '망자']"
1214,단두 (斷頭),9.79,이동욱,1,0,0,0,0,0,1,0,0,0,0,0,0,"['부모님', '부모', '단영', '성장', '고전', '여정', '원수', '복수', '오누이', '분투']"
1215,해오와 사라,9.92,송송이,0,0,0,0,0,1,0,1,0,0,0,0,0,"['바다', '해녀', '특별', '인연', '인어']"
1216,"신성한, 이혼",9.82,강태경,0,1,0,0,0,0,0,1,0,0,0,0,0,"['이혼', '치열', '소송', '결혼', '싸움']"
1217,멸종인간,9.83,디디,0,0,0,0,0,0,0,0,0,1,0,0,0,"['멸종', '인류', '분투', '고군분투', '생존', '관찰', '고군']"
1218,우리집이거든요!,9.5,공룡,0,0,0,0,0,0,0,1,1,0,0,0,0,"['인생', '정체', '은우', '거액', '예정', '녀석', '상속']"
1219,학교대표,8.79,동훈,0,0,0,0,0,0,0,0,0,0,0,1,1,"['도전', '축구', '전기', '진화', '천재']"
1220,미래의 너에게,9.88,정은,0,0,0,0,0,1,0,0,1,0,0,0,0,"['학원', '미래', '친구', '소녀', '로맨스']"
1221,아비무쌍,9.89,이현석,0,0,0,0,0,1,1,0,0,0,0,0,0,"['하늘', '아비']"
1222,지옥사원,9.88,캐러멜,0,0,0,0,0,1,0,1,0,0,0,0,0,"['위협', '사회', '적응', '적응기', '존재', '악마']"
1223,왕 그리고 황제,9.89,정이리이리,0,0,0,0,1,0,0,1,0,0,0,0,0,"['고종', '태종', '조선', '영혼']"
1224,딩스뚱스,9.78,딩스,0,0,0,1,1,0,0,0,0,0,0,0,0,"['타지', '토종', '한국인', '헤딩']"
1225,수린당 -비늘 고치는 집-,9.96,일링스,0,0,0,0,0,1,0,1,0,0,0,0,0,"['필요', '운명', '축복', '여정', '자매']"
1226,미드나잇 블루,9.81,보보군,0,0,0,0,0,0,0,1,1,0,0,0,0,"['쟁취', '이상', '현실', '자존심', '싸움']"
1227,2020 전남콘랩 웹툰 창작 아카데미,9.63,전남콘텐츠코리아랩,0,0,0,0,0,0,0,1,0,0,0,0,0,['지금']
1228,악녀의 탄생,9.82,TB,0,0,0,0,0,1,0,0,1,0,0,0,0,"['재산', '선택', '한순간']"
1229,두번째 썸,9.72,비아이,0,0,0,0,0,0,0,0,1,0,0,0,0,"['남친', '소리']"
1230,저승사자 온라인,8.79,쑨,0,0,0,0,0,1,1,0,0,0,0,0,0,"['게임', '영혼', '저승사자', '소녀', '인도']"
1231,CELL,9.9,강형규,0,0,0,0,0,0,1,0,0,0,0,0,1,"['예측', '쓸모', '초능력', '청춘', '불가', '희망']"
1232,아버지의 복수는 끝이 없어라,9.87,강태진,0,0,0,0,0,0,0,1,0,1,0,0,0,"['비극', '복수', '할머니', '아버지']"
1233,노력의 卍(만),9.69,행자,0,0,0,0,0,1,1,0,0,0,0,0,0,"['지배', '천중', '오력', '최정상', '여정', '세상']"
1234,죽어도! 치우,9.76,만백,0,0,0,0,0,1,1,0,0,0,0,0,0,"['치우', '모험', '성장', '모험기']"
1235,용의주도 황비,9.54,산맡,0,0,0,0,0,1,0,0,1,0,0,0,0,"['백룡', '최강자', '세계관', '강자', '아내', '폭군']"
1236,금수친구들,9.24,짤태식,0,0,0,1,1,0,0,0,0,0,0,0,0,"['동물', '라이프', '사고', '뭉치', '가난', '사고뭉치', '시대', '조선', '처절', '나무꾼', '집사']"
1237,설공찬전,9.84,YSE,0,0,0,0,0,0,0,1,1,0,0,0,0,"['소설', '로맨스', '미스터리', '공찬', '아랫집']"
1238,말하지 말까,9.91,마루,0,0,0,0,0,0,0,1,1,0,0,0,0,"['필요', '향기', '첫사랑', '한마리', '기억']"
1239,하나하나둘,9.92,고은,0,0,0,0,0,0,0,1,1,0,0,0,0,"['유령', '과거', '미래', '남편', '기억']"
1240,콜로세움,9.81,한큰빛,0,0,0,0,0,0,1,0,0,1,0,0,0,"['압도적', '특별', '거대', '압도']"
1241,키스해주세요,9.86,산다하,0,0,0,0,0,0,0,1,1,0,0,0,0,"['생존', '계약', '비밀', '키스']"
1242,우리가 사랑하는 방법,9.92,기비,0,0,0,0,0,0,0,0,1,0,0,0,0,"['아이', '마음']"
1243,우리학교 김선생님,9.94,복슬,0,0,0,0,0,0,0,1,1,0,0,0,0,"['수지', '교사', '선우', '선생님', '명의', '초보', '완벽']"
1244,후크,9.79,나진수,0,0,0,0,0,1,1,0,0,0,0,0,0,"['혁명', '몰락', '전쟁', '공학자', '마법사']"
1245,쌍갑포차,9.95,배혜수,0,0,0,0,0,1,0,1,0,0,0,0,0,"['의문', '대한민국', '포장마차', '우수', '대상', '수상']"
1246,이게뭐야,8.28,지지,1,0,0,0,1,0,0,0,0,0,0,0,0,[]
1247,블랙 베히모스,9.84,케이지콘,0,0,0,0,0,1,1,0,0,0,0,0,0,"['전투', '주인공', '도전', '리스', '시험']"
1248,창백한 말,9.2,추혜연,0,0,0,0,0,1,0,0,1,0,0,0,0,"['프랑스', '핏빛', '운명', '마녀', '소녀']"
1249,백로식당,9.92,이나이,0,0,0,0,0,1,0,1,0,0,0,0,0,"['만신', '식당', '요리', '백로', '특별', '음식']"
1250,러브 스트리밍,9.35,권다희,1,0,0,0,0,0,0,1,0,1,0,0,0,"['인생', '요즘', '다운', '실시간', '사랑', '전부']"
1251,함께 춤을,9.68,도연,0,0,0,0,0,0,0,0,1,0,0,0,0,"['파트너', '우승', '운명', '댄스']"
1252,백의사자,9.87,체사,0,0,0,0,0,1,0,0,0,0,0,0,0,"['소년', '세상', '사자']"
1253,시간이 머문 집,9.83,헤고,0,0,0,0,0,1,1,0,0,0,0,0,0,"['아무것', '아저씨', '더러운', '학대', '성격', '소녀', '세상']"
1254,마이셀프,9.7,기행,0,0,0,0,0,0,0,0,0,1,0,0,0,"['위협', '인기', '사투', '예림', '아픔']"
1255,록산,9.9,백작,0,0,0,0,0,0,0,0,0,1,0,0,0,"['밀리', '죽음', '통째', '막시', '어머니']"
1256,논현동 장사꾼,9.7,구김,0,0,0,0,0,0,0,1,0,0,0,0,0,"['제자', '장사', '할머니']"
1257,중고거래,9.14,주명,0,0,0,0,0,0,0,0,0,1,0,0,0,"['구매', '택배', '도착', '거래', '이득', '중고', '극한', '상자', '마음']"
1258,살어리랏다,9.5,김민소,1,0,0,0,0,0,0,0,0,1,0,0,0,"['공개', '생존', '청산']"
1259,고교호구왕,9.77,슥수,0,0,0,0,0,0,0,0,0,0,0,1,1,"['왕따', '검도', '만인', '성장', '선수', '호구']"
1260,스타의 학교생활,9.78,올챙구리,0,0,0,0,0,0,0,0,1,0,0,0,1,"['출연', '관찰', '스타', '비호', '예능', '리얼', '국민', '호감']"
1261,냥냐라냥냥,9.69,손달섭,0,0,0,1,1,0,0,0,0,0,0,0,0,"['다큐멘터리', '고양이', '좌충우돌', '집사']"
1262,옆집남자,9.74,임수영,0,0,0,0,0,0,0,1,1,0,0,0,0,"['생계', '지망생', '청춘', '가운데', '지망', '로맨스']"
1263,신의 태궁,9.94,해소금,0,0,0,0,0,1,0,0,1,0,0,0,0,"['신의', '아이', '도깨비', '여인', '사랑']"
1264,이담,9.75,정두,0,0,0,0,0,0,0,1,0,1,0,0,0,"['현실', '소녀', '다음']"
1265,샬롯에게는 다섯 명의 제자가 있다,9.94,용용,0,0,0,0,0,1,0,0,1,0,0,0,0,"['인생', '죽음', '마법사', '이상', '제자', '세상']"
1266,특별직,9.82,금기혁,0,0,0,0,0,0,1,1,0,0,0,0,0,"['진실', '과거', '청원', '임무', '국민', '특별', '해결', '수행']"
1267,블랙윈터,9.87,정이나,0,0,0,0,0,1,0,0,1,0,0,0,0,"['저주', '소년', '소녀', '겨울날']"
1268,경이로운 소문,9.94,장이,0,0,0,0,0,1,0,0,0,1,0,0,0,"['카운터', '지구', '영원불멸', '영혼', '세계', '악한', '영원', '사후', '불멸']"
1269,단짠남녀,9.84,근영,0,0,0,0,0,0,0,1,1,0,0,0,0,[]
1270,구리의 구리구리 컴백,9.89,구리,0,0,0,1,1,0,0,0,0,0,0,0,0,"['일상', '구리', '좌충우돌', '개그', '논픽션']"
1271,프레너미,9.93,돌석,0,0,0,0,0,0,0,1,0,0,0,1,0,"['재능', '노력', '소년', '거만', '은둔', '고수', '만남', '천재', '최고']"
1272,지금은 연애를 쉽니다,9.8,유현숙,0,0,0,0,0,0,0,0,1,0,0,0,0,"['서기', '이별', '성장기']"
1273,우리가 헤어진 사이에,9.79,오하,0,0,0,0,0,0,0,0,1,0,0,0,0,"['사친', '서기']"
1274,파륜아이,9.77,박은비,0,0,0,0,0,0,0,1,0,1,0,0,0,"['진실', '살해', '부모']"
1275,나비는 세 번 변태한다,7.57,컨트리리,0,0,0,0,0,0,0,0,1,0,0,0,0,"['동료', '친구', '회사', '키스', '목소리']"
1276,불러줘 내 이름만,9.83,꿀삼,0,0,0,0,0,0,0,1,1,0,0,0,0,"['이름', '대학', '첫사랑', '선배', '강아지']"
1277,미완결,9.83,안나래,1,0,0,0,0,0,0,1,0,0,0,0,0,"['애인', '동경', '선생님', '소설가', '천재']"
1278,그림자정원,9.86,비둘기,0,0,0,0,0,0,0,1,0,1,0,0,0,"['어둠', '식물원', '기묘']"
1279,열무와 알타리,9.93,유영,0,0,0,1,1,0,0,0,0,0,0,0,0,"['일상', '위로', '공감', '특별']"
1280,랑데부,9.88,지민,0,0,0,0,0,1,1,0,0,0,0,0,0,"['외계', '엉망', '침공', '전쟁', '복수', '개인', '개인적']"
1281,닭은 의외로 위대하다,9.86,미역의효능,0,0,0,0,0,1,0,1,0,0,0,0,0,"['좀비', '세상', '할머니', '고양이']"
1282,인스타러브,9.02,달나리,0,0,0,0,0,0,0,0,1,0,0,0,1,"['모습', '통보', '성공', '상처', '남친', '헤어']"
1283,나만 아는 사랑,9.58,아임,0,0,0,0,0,0,0,1,1,0,0,0,0,"['고백', '로맨스', '짝사랑', '사랑']"
1284,오늘도 꽐랄라라,9.73,아실,0,0,0,0,0,0,0,1,1,0,0,0,0,"['말술', '취중', '연애', '방의', '연애담']"
1285,키몽의 호구로운 생활,9.88,키몽,0,0,0,1,1,0,0,0,0,0,0,0,0,"['나이', '호구', '청년', '나날']"
1286,바리공주,9.93,김나임,0,0,0,0,0,1,0,1,0,0,0,0,0,"['무당', '귀신', '시대', '조선', '소녀', '아내']"
1287,헤븐 투 헬,9.56,김종훈,1,0,0,0,0,1,0,0,0,0,0,0,0,"['액션', '배경', '세계관', '판타지', '성인', '신곡']"
1288,소녀신선,9.86,효미,0,0,0,0,0,1,1,0,0,0,0,0,0,"['버들', '성질', '재수생', '재수', '이무기', '신선']"
1289,퀴퀴한 일기,9.84,2B,0,0,0,1,1,0,0,0,0,0,0,0,0,"['일상', '다반사', '언니']"
1290,주간소년열애사,9.9,박시인,0,0,0,0,0,0,0,1,1,0,0,0,0,"['드라마', '금요일', '고등학생', '치정', '열애']"
1291,허약선생,9.7,울펜,0,0,0,0,1,0,1,0,0,0,0,0,0,"['선생', '귀면', '무림', '육성', '특별', '제자', '암살자', '최고']"
1292,우리반 숙경이,9.89,뽀얌,0,0,0,0,0,0,0,1,0,0,0,0,1,"['찐따', '귀신', '학교', '숙경', '존재']"
1293,유치원 신드롬,9.43,jaw,1,0,0,0,0,0,0,0,0,1,0,0,0,"['며칠간', '준비', '며칠', '조카', '예담', '유치원', '이상', '친오빠']"
1294,후궁공략,9.77,봉봉,0,0,0,0,0,1,0,0,0,0,0,0,0,"['황후', '게임', '엔딩', '공략', '후궁', '방법', '현실', '가상현실']"
1295,유부녀 킬러,9.93,검둥,0,0,0,0,0,0,0,1,0,0,0,0,0,"['이중', '육아', '생활', '휴직', '유부녀', '유보', '회사', '비밀', '나의']"
1296,피치 (PITCH),9.85,지뚱X강용,0,0,0,0,0,0,0,0,0,0,0,1,1,"['계절', '철주', '선택', '호흡', '무게']"
1297,흔한 환생녀의 사정,9.91,풀모,0,0,0,0,0,1,0,0,1,0,0,0,0,"['로맨스', '환생', '철벽', '발레리']"
1298,오늘은 꼭 고백할 거야!,9.63,CHYA,0,0,0,0,0,0,0,0,1,0,0,0,1,"['고백', '짝사랑', '성공']"
1299,어린 (물고기 비늘),9.8,윤태호,0,0,0,0,0,0,0,1,0,0,0,0,0,"['하면서', '우연', '압박감', '위반', '남극', '작곡가', '성공', '고통', '계약', '경험', '극도']"
1300,이세계 전담반,9.29,택,0,0,0,0,0,1,1,0,0,0,0,0,0,"['일상', '현상', '판타지', '평범']"
1301,너를 기다리는 날,9.93,복복,0,0,0,0,0,1,0,0,1,0,0,0,0,"['아이', '실종', '또래', '장소']"
1302,방탕일기,5.74,단지,0,0,0,1,0,0,0,1,0,0,0,0,0,"['춘기', '제대', '성인']"
1303,경성야상곡,9.89,김라무,0,0,0,0,0,0,0,1,1,0,0,0,0,"['강점기', '일제', '운명', '소녀', '경성']"
1304,순정 히포크라테스,9.93,골드키위새,0,0,0,0,0,0,0,1,1,0,0,0,0,"['의대', '순정', '의대생']"
1305,할매,9.88,재후,0,0,0,0,0,0,1,0,0,1,0,0,0,"['숙자', '송두리', '초주검', '주검', '칠순', '손주']"
1306,악역의 구원자,9.85,잿슨,0,0,0,0,0,1,0,0,1,0,0,0,0,"['다짐', '악역', '운명', '문장', '구원', '제이', '비밀']"
1307,풍검,9.08,김철현 ,0,0,0,0,0,1,1,0,0,0,0,0,0,"['치열', '마계', '인간계', '싸움']"
1308,주말 도미 시식회,9.9,이용우,0,0,0,0,0,0,1,1,0,0,0,0,0,['전쟁']
1309,여의주,9.86,김한석,0,0,0,0,0,0,0,1,0,0,0,0,0,"['취업', '도전', '포기', '정치']"
1310,이토록 보통의,9.48,캐롯,1,0,0,0,0,0,0,1,1,0,0,0,0,"['보통', '연애', '특별']"
1311,반지하셋방,9.8,평범한 자매,0,0,0,1,1,0,0,0,0,0,0,0,0,"['일상', '자매', '좌충우돌', '반지하']"
1312,멀리서 보면 푸른 봄,9.86,지늉,0,0,0,0,0,0,0,1,1,0,0,0,0,"['고단', '드라마', '보일드', '청춘', '하드', '현실', '실적', '해피엔딩']"
1313,천연 天緣,9.62,ALIC,0,0,0,0,0,1,0,0,1,0,0,0,0,"['현재', '과거', '미래']"
1314,레드스톰,9.49,암현,0,0,0,0,0,0,1,0,0,0,0,0,0,"['질주', '바람', '사막', '전사', '모래']"
1315,크라우드,9.55,파크,0,0,0,0,0,0,1,0,0,0,0,0,1,"['왕따', '일진', '울타리', '우드', '마지막', '희망']"
1316,질투유발자들,9.4,김꽁,0,0,0,0,0,0,0,0,1,0,0,0,0,"['질투', '유발자', '연애']"
1317,퍼펙트 마인,9.72,나리온,0,0,0,0,0,0,0,0,1,0,0,0,0,"['학원', '진짜', '사랑', '로맨스', '나의']"
1318,미래의 사진,9.76,낑깡,0,0,0,0,0,0,0,0,1,1,0,0,0,"['주운', '카메라', '미래']"
1319,내 친구는 선녀보살,9.88,챰,0,0,0,0,0,0,0,1,0,1,0,0,0,"['이자', '무당', '스타', '고등학생', '스타인', '선녀', '신비']"
1320,형제가 사랑한 마녀,9.77,복숭아,0,0,0,0,0,0,0,1,1,0,0,0,0,"['형제', '기간', '후예', '마녀', '연애', '묘약']"
1321,음란마귀지만 괜찮아!,8.38,모가비,0,0,0,0,1,0,0,0,1,0,0,0,0,"['야한', '러브', '음란', '친구', '스토리', '상상', '관계']"
1322,남궁세가 소공자,9.2,Rose Studio,0,0,0,0,0,0,1,1,0,0,0,0,0,"['행보', '세계', '남궁', '무림', '평정']"
1323,나 홀로 버그로 꿀빠는 플레이어,9.84,키민트,0,0,0,0,0,1,1,0,0,0,0,0,0,"['버그', '영주', '도전', '성공', '전기', '비만', '현생', '초고']"
1324,씨방것들,9.76,오청,0,0,0,0,0,0,0,1,1,0,0,0,0,"['첫사랑', '연예인', '막내', '패밀리']"
1325,내일도 출근!,9.92,맥퀸스튜디오,0,0,0,0,0,0,0,1,1,0,0,0,0,"['악의', '선택', '최악', '결혼', '회사', '도망', '남친']"
1326,대마법사의 딸,9.93,새벽애,0,0,0,0,0,1,0,0,1,0,0,0,0,"['부모님', '부모', '진짜', '아빠', '친부모']"
1327,하렘생존기,9.92,오리발,0,0,0,0,0,0,0,1,1,0,0,0,0,"['오스만', '세기', '욕망', '하렘', '우정', '제국', '소녀', '왕궁']"
1328,바니와 오빠들,9.92,니은,0,0,0,0,1,0,0,0,1,0,0,0,0,"['벤츠', '역사', '연애', '똥차']"
1329,당신도 보정해 드릴까요?,9.57,은,0,0,0,0,0,1,0,1,0,0,0,0,0,"['가능', '사진', '마법', '보정', '사진작가']"
1330,하필 너야?!,8.73,임자,0,0,0,0,0,0,0,1,1,0,0,0,0,"['운명', '사고', '고양이', '불의']"
1331,유색의 멜랑꼴리,9.9,비나리,0,0,0,1,0,0,0,1,0,0,0,0,0,"['완의', '꽃잎', '용납', '결혼식', '유도', '난투극', '결혼']"
1332,요괴백정,9.84,좌서방,0,0,0,0,0,1,1,0,0,0,0,0,0,"['요괴', '활극', '백정', '액션', '도깨비', '복수', '사냥', '어머니']"
1333,슬프게도 이게 내 인생,9.75,슬,0,0,0,1,1,0,0,0,0,0,0,0,0,"['인생', '사회', '초년생', '원래', '초년', '사회생활']"
1334,밤의 향,9.92,보리,1,0,0,0,0,0,0,0,1,0,0,0,0,"['향기', '내음', '여름밤', '평생']"
1335,취향저격 그녀,9.9,로즈옹,0,0,0,0,0,0,0,1,1,0,0,0,0,"['저격', '라이프', '동거', '비밀', '심장']"
1336,버닝 이펙트,9.9,박태현,0,0,0,0,0,1,1,0,0,0,0,0,0,"['집행', '치열', '세상', '싸움']"
1337,조우,9.86,최희선,0,0,0,0,0,0,0,0,0,1,0,0,0,"['치부', '결국']"
1338,우리 집에 왜 왔니,9.88,이윤희,0,0,0,0,0,0,0,1,1,0,0,0,0,"['일상', '회사원', '선입견']"
1339,여혜,9.87,비나리,0,0,0,0,0,0,0,1,1,0,0,0,0,"['진실', '애증', '시대극', '로맨스', '가슴']"
1340,과격자매단,9.89,바쉬,0,0,0,1,1,0,0,0,0,0,0,0,0,"['일상', '자매', '강한']"
1341,영수의 봄,9.6,이윤희,0,0,0,0,1,0,0,0,1,0,0,0,0,"['캠퍼스', '매력', '반전', '벚꽃', '만난', '순수', '화학']"
1342,토이 콤플렉스,9.51,이윤희,1,0,0,0,0,0,0,0,1,0,0,0,0,['오늘']
1343,작약만가 : 불환곡,9.92,인토르노,0,0,0,0,0,1,0,0,0,1,0,0,0,"['노래', '단위', '죽음', '자여', '반벽']"
1344,What Does the Fox Say?,9.83,팀 가지,1,0,0,0,0,0,0,1,1,0,0,0,0,"['수민과', '세주', '관계', '성지']"
1345,개같은 세상,9.88,정종수,0,0,0,0,0,1,0,1,0,0,0,0,0,['애완동물']
1346,표류감옥,9.49,조원표,0,0,0,0,0,0,1,0,0,1,0,0,0,"['내가', '최악', '취업', '교도소', '사상']"
1347,어둠이 걷힌 자리엔,9.95,젤리빈,0,0,0,0,0,1,0,0,0,1,0,0,0,"['한구석', '사연', '진전', '가게', '자리', '특별', '경성']"
1348,이태원 클라쓰,9.92,광진,0,0,0,0,0,0,0,1,0,0,0,0,0,"['각자', '가치관', '거리', '이태원']"
1349,다리 위 차차,10.0,재수,0,0,0,0,0,1,0,1,0,0,0,0,0,"['대체', '미래', '로봇', '작고']"
1350,우리사이느은,9.92,이연지,0,0,0,0,0,0,0,1,1,0,0,0,0,"['원색', '캠퍼스', '모두', '파스텔', '로맨스']"
1351,노동본색,9.25,지뚱,0,0,0,0,0,1,1,0,0,0,0,0,0,"['업종', '세상', '이제', '전성시대']"
1352,작약만가 : 서리꽃,9.9,인토르노,0,0,0,0,0,1,0,0,0,1,0,0,0,"['공포', '황궁', '후궁', '공모', '여인', '최우수', '미명', '대전', '수상작', '탐욕', '아래']"
1353,아쿠아맨,9.87,맥퀸스튜디오,0,0,0,0,0,0,0,1,1,0,0,0,0,"['해방', '모태', '신나', '방해', '연애', '친구', '솔로']"
1354,미생,9.82,윤태호,0,0,0,0,0,0,0,1,0,0,0,0,0,['승리']
1355,굿바이 사돈!,9.91,교교박,0,0,0,0,0,0,0,1,1,0,0,0,0,"['남녀', '원수지간', '눈앞', '사돈', '기회', '원수', '지간']"
1356,뽀짜툰,9.89,유리,0,0,0,1,1,0,0,0,0,0,0,0,0,"['일상', '귀요', '유리']"
1357,찬란한 액션 유치원,9.74,김동찬,0,0,0,0,1,0,1,0,0,0,0,0,0,"['교육', '드라마', '아이', '우정', '본격', '유년', '유치', '평화']"
1358,복수는 우리의 것,9.39,땔깜,0,0,0,0,0,0,0,1,1,0,0,0,0,"['복수', '정신']"
1359,뱀파이어 셰프,8.22,서윤,0,0,0,0,0,0,0,1,1,0,0,0,0,"['로맨스', '살벌', '요리', '피로', '음식', '요리사', '뱀파이어']"
1360,심봉사전,9.76,서강용,0,0,0,0,0,0,1,0,0,0,0,0,0,"['이름', '심이', '성은', '칼끝', '장님', '학규']"
1361,너의 돈이 보여,9.21,민국23,0,0,0,0,0,0,0,1,1,0,0,0,0,"['남녀', '동상이몽', '지향', '막내딸', '대기업', '로맨스']"
1362,어름치,9.84,박세가,0,0,0,0,1,0,0,1,0,0,0,0,0,"['산골', '노동']"
1363,뜨거운 웬수,9.61,김수진,0,0,0,0,0,0,0,1,1,0,0,0,0,"['이혼', '할머니', '유언', '제윤', '예가']"
1364,주정,9.38,노찬주,0,0,0,0,0,0,0,1,1,0,0,0,0,"['정령', '사회', '생활', '명주', '사회생활', '주정']"
1365,세로토닌,9.78,강희석,0,0,0,0,0,0,0,0,0,1,0,0,0,"['인생', '좀비', '세상']"
1366,어렴풋이,9.78,휘를,0,0,0,0,0,1,0,0,0,0,0,0,1,"['흉내', '귀신', '입학', '학교', '완벽']"
1367,굿바이 악마,6.82,진 엔터테인먼트/팀 이너스,0,0,0,0,0,0,0,1,1,0,0,0,0,"['결심', '결혼', '계약', '악마']"
1368,180cm 그녀를 사랑해!,9.07,Rainie,0,0,0,0,0,0,0,0,1,0,0,0,0,['소심']
1369,망고의 뼈,9.59,넋부자들,0,0,0,0,0,0,0,0,1,0,0,0,1,"['율과', '방해', '백주', '사의', '야심', '고백', '쌍둥이', '플랜', '동생', '유리', '주인']"
1370,천생연분,8.86,김수진,0,0,0,0,0,0,0,1,1,0,0,0,0,"['상대', '손녀', '재벌', '결혼', '시절', '뚱보', '혼기']"
1371,민트 러브,9.52,화화,0,0,0,0,0,0,0,0,1,0,0,0,1,"['러브', '유미', '스토리', '소녀', '고향']"
1372,질풍의 노도,9.86,김보통,0,0,0,0,0,0,0,1,0,0,0,0,0,"['가습기', '살균제', '전학', '사고', '학교', '친구', '피해', '시골']"
1373,왕자님이 있다,8.85,슈토,0,0,0,0,0,0,0,1,1,0,0,0,0,"['쟁취', '합격', '남친', '재벌', '그룹', '전사']"
1374,아만자,9.81,김보통,0,0,0,1,0,0,0,1,0,0,0,0,0,"['가을', '기적']"
1375,평범해지고 싶어,9.39,카나리아,0,0,0,0,0,0,0,1,1,0,0,0,0,"['인식', '안면', '소년', '장애', '극복', '이상', '소녀', '콤플렉스', '목소리']"
1376,고양이 신부,9.56,dite,0,0,0,0,0,1,0,0,1,0,0,0,0,"['왕국', '왕자']"
1377,내 일진이 이렇게 귀여울리가 없어,9.44,일,0,0,0,0,0,1,0,0,1,0,0,0,0,"['악마', '인형', '일진', '크기']"
1378,요조신사 마초숙녀,8.88,곽시탈,0,0,0,0,0,0,0,1,1,0,0,0,0,"['로맨스', '힐링', '조심', '피바다', '섬세', '자아', '하와', '무심', '과격']"
1379,빌린 몸,9.16,박세계,0,0,0,0,0,1,0,0,1,0,0,0,0,"['시절', '사랑', '순수', '마지막']"
1380,리프루터,9.34,ILZI,0,0,0,0,0,1,0,0,0,1,0,0,0,"['유괴범', '소년', '운명', '대리인', '전대미문', '센트']"
1381,인간을 먹는 성,9.68,김만호,0,0,0,0,0,1,0,1,0,0,0,0,0,"['의문', '무엇', '구도', '성의', '탈출', '비밀']"
1382,저녁 같이 드실래요?,9.86,박시인,0,0,0,0,0,0,0,0,1,0,0,0,0,"['남녀', '미남', '연애', '친구', '음식', '비밀']"
1383,메모리스트,9.87,재후,0,0,0,0,0,0,0,0,0,1,0,0,0,"['동백', '초능력', '사건', '살인', '연쇄', '형사', '미스터리', '기억']"
1384,니브,8.67,강민석,0,0,0,0,0,0,0,1,0,1,0,0,0,"['비리', '영혼', '액션', '만년', '검사', '형사', '권력', '동안', '정치']"
1385,일회용 배우 - THE DISPOSABLE ACTOR,9.9,반이,1,0,0,0,0,0,0,1,1,0,0,0,0,"['사형', '사랑', '배우', '연기', '마지막']"
1386,취준진담,9.0,쥐곰이,0,0,0,1,0,0,0,1,0,0,0,0,0,"['청년', '실업', '취업', '시대', '대기업', '눈물', '입사', '스터디', '목표']"
1387,스위트 허니 트랩,9.47,냥꼬,0,0,0,0,0,0,0,1,1,0,0,0,0,"['이혼', '각자', '이익', '계획', '결혼', '계약']"
1388,리세터,9.43,한지우,1,0,0,0,0,0,0,0,0,1,0,0,0,"['환생', '반복', '행복']"
1389,독립만화 특별전,9.49,한국만화영상진흥원,0,0,0,0,0,0,0,1,0,0,0,0,0,"['인의', '축제', '부천', '독립', '작품전', '국제']"
1390,기인록,9.58,유계진,0,0,0,0,0,1,0,1,0,0,0,0,0,"['능력', '기인', '가상', '배경', '시대', '조선']"
1391,볍신을 부탁해,9.5,김송,0,0,0,0,0,0,0,1,1,0,0,0,0,"['청년', '가업', '농사', '로맨스', '코미디']"
1392,승리호,9.72,홍작가,0,0,0,0,0,0,1,1,0,0,0,0,0,"['우주', '수거', '거대', '승리', '쓰레기', '표적', '청소', '기업']"
1393,뿔뿔뿔뿔,9.83,나지,0,0,0,0,0,1,0,1,0,0,0,0,0,"['로스', '머리', '증후군', '타우', '성공', '오후', '취업', '시국']"
1394,글과 그림 사이,9.68,메엔,0,0,0,0,0,0,0,1,1,0,0,0,0,"['로맨스', '그림', '아이']"
1395,너에게 투 혼(魂)!,9.91,롱토피아,0,0,0,0,0,0,1,0,0,0,0,0,1,"['생활', '생이', '액션', '고생', '학교', '배우']"
1396,모기전쟁,9.82,정지훈,0,0,0,0,0,1,1,0,0,0,0,0,0,"['지구', '포식자', '인류', '모기', '최강', '희망']"
1397,까락,9.21,서강용,0,0,0,0,0,0,1,1,0,0,0,0,0,"['주먹', '서울', '자랑', '벌교']"
1398,대나무숲에서 알립니다,9.83,황짠느,0,0,0,0,0,0,0,0,0,1,0,0,1,"['청록', '제보', '익명', '대나무', '폭로', '비밀', '나의', '대신']"
1399,아가씨가 너무해!,9.72,비바,0,0,0,0,0,0,0,1,1,0,0,0,0,"['완벽', '수고', '수저', '커플']"
1400,나는 엄마다,9.79,순두부,0,0,0,1,0,0,0,1,0,0,0,0,0,"['현재', '엄마', '공감']"
1401,인생막장,8.6,방진호,0,0,0,0,0,0,1,1,0,0,0,0,0,"['인생', '남녀', '질주', '막장', '무비', '로드', '폭풍우']"
1402,드래곤 시터,9.78,지카,0,0,0,0,0,1,0,0,1,0,0,0,0,"['치유', '드래곤', '동거', '로맨스', '마지막', '세상']"
1403,도리도심,9.16,이지피,0,0,0,0,0,0,0,1,1,0,0,0,0,"['여신', '민도', '연극과', '고백', '술기운', '연극', '호구', '짝사랑']"
1404,달달한 지구,9.39,정성완,0,0,0,0,0,0,0,1,1,0,0,0,0,"['다루', '짝사랑', '요정', '소원']"
1405,자해클럽,9.4,소망,1,0,0,0,0,0,0,1,0,0,0,0,1,"['고통', '완벽', '혼자', '이해']"
1406,겨울과 봄사이,9.87,하래,0,0,0,0,0,0,0,0,1,0,0,0,1,"['색깔', '대비', '색청', '하연']"
1407,리라이프 -Relife-,9.32,야요이소우,0,0,0,0,0,0,0,1,1,0,0,0,0,"['청년', '드라마', '미래', '고교', '청춘']"
1408,바리왕자,9.8,마키,0,0,0,0,0,0,0,0,1,0,0,0,0,"['무당', '수저', '귀신', '프린스', '동거', '계의', '무속']"
1409,그녀와 썸남들,9.57,Mot,0,0,0,0,0,0,0,1,1,0,0,0,0,"['실망', '실패', '고백', '마지막', '짝사랑', '해원']"
1410,재벌과의 인터뷰,9.93,우다,0,0,0,0,0,0,0,1,1,0,0,0,0,"['감금', '은인', '재벌', '납치']"
1411,돈나무,9.24,라떼,0,0,0,0,0,0,0,1,0,1,0,0,0,"['나무', '마당']"
1412,The Tale (더 테일),9.26,양철DJ,0,0,0,0,0,0,0,1,0,1,0,0,0,"['범죄자', '동화', '범죄', '수사', '서스펜스', '모방']"
1413,명검,9.8,도가도,0,0,0,0,0,0,1,0,0,0,0,0,0,"['운명', '액션', '비극적', '비극', '부자']"
1414,어바웃 제인,9.71,엠제이,0,0,0,0,0,1,0,1,0,0,0,0,0,"['대규모', '규모', '제인', '데이트', '짝사랑', '네이선', '신행', '테러']"
1415,배고픈 자들의 도시,9.87,휘,0,0,0,0,0,1,1,0,0,0,0,0,0,"['좀비', '뱀파이어']"
1416,그 해 여름,9.73,김 현,0,0,0,0,0,0,0,1,1,0,0,0,0,"['소년', '여름', '삼각관계', '성장', '소녀', '마지막']"
1417,식귀,9.79,깡/부랑,0,0,0,0,0,1,1,0,0,0,0,0,0,"['의문', '귀가', '원호', '지하철']"
1418,캔디맨,9.43,차녹,0,0,0,0,0,0,0,1,1,0,0,0,0,"['아이템', '게임', '스토킹', '미남', '학교', '최고']"
1419,너에게 가는 거리 2091km,9.79,빵시헌,0,0,0,0,0,0,0,1,1,0,0,0,0,"['서울', '콩과', '성장', '로맨스']"
1420,네버다이 : 변이자들,8.25,케빈 NOK,0,0,0,0,0,1,1,0,0,0,0,0,0,"['유일한', '생존자', '사고', '원자력', '세력', '폭발', '발전소']"
1421,19,9.84,우윱,1,0,0,0,0,0,0,0,0,1,0,0,0,"['마을', '복수', '시골', '구석']"
1422,연목구애,9.31,기량,0,0,0,0,0,0,0,1,1,0,0,0,0,"['황태', '황실', '공주', '책봉', '삼각관계', '치정', '자비', '로맨스']"
1423,드림사이드,9.82,신월,0,0,0,0,0,1,0,0,0,0,0,0,0,"['멸망', '미래', '좀비']"
1424,그녀는 흡!혈귀,9.56,정성완,0,0,0,0,0,1,0,0,1,0,0,0,0,"['흡혈귀', '연애', '옷장', '나의']"
1425,그다이,9.54,최용성,0,0,0,0,0,0,0,1,0,1,0,0,0,"['시온', '누나', '셰어', '수상', '하우스', '호주', '흔적']"
1426,히어로즈 오브 레전드,9.12,Skeleton Wizard,0,0,0,0,0,1,1,0,0,0,0,0,0,"['로스', '자유', '아카데미', '연방', '전투', '동맹', '플레이', '제국', '최강자', '강자', '약체']"
1427,헬로 마이 안드로이드,9.85,고선영,0,0,0,0,0,1,0,0,1,0,0,0,0,"['소년', '좌충우돌', '로맨스', '주장', '아들']"
1428,망자의 서,9.9,오쌤,0,0,0,0,0,0,0,0,0,1,0,0,0,"['편지', '남편', '도착']"
1429,달리는 여자,9.77,지은광,0,0,0,0,0,0,0,1,1,0,0,0,0,"['학년', '첫사랑', '학생', '학교', '복학생', '로맨스', '대학교']"
1430,남남,9.92,정영롱,1,0,0,0,1,0,0,1,0,0,0,0,0,['관계']
1431,울트라 비서,9.64,김진희,0,0,0,0,0,0,0,1,1,0,0,0,0,"['저주', '재벌', '비서', '영물', '만능', '울트라']"
1432,계약우정,9.93,권라드,0,0,0,0,0,0,0,1,0,0,0,0,1,['고등학생']
1433,하녀와 흡혈귀,9.68,하얀말,0,0,0,0,0,1,0,0,1,0,0,0,0,"['공작', '스릴', '유일', '흡혈귀', '사고', '세계', '소녀', '로맨스']"
1434,노이정 로코특집,9.06,노이정,0,0,0,0,0,0,0,1,1,0,0,0,0,"['남녀', '특집', '화려', '이정', '사랑']"
1435,달달한 그녀,9.72,날치,0,0,0,0,0,1,0,0,1,0,0,0,0,"['로맨스', '여주', '특별', '연서', '해리', '뱀파이어']"
1436,지켜라 여의주,9.31,레이카,0,0,0,0,0,1,0,0,1,0,0,0,0,"['로맨스', '천년', '학원', '신력', '춘기', '판타지', '좌충우돌', '소녀', '호기심']"
1437,호림무사,9.3,신거만화,0,0,0,0,0,0,1,0,0,0,0,0,0,"['당대', '조창', '자리', '고수', '최고']"
1438,수의 계절,9.32,이준,0,0,0,0,0,1,0,0,1,0,0,0,0,"['계절', '반복']"
1439,징벌소녀,8.9, stego ,0,0,0,0,0,1,0,0,0,0,0,0,1,"['일진', '폭력', '아이', '학교', '시대', '소녀', '마법']"
1440,스틸레인3 : 정상회담,9.33,제피가루,0,0,0,0,0,0,1,1,0,0,0,0,0,"['인의', '한자리', '예상치', '남북', '회담', '위기', '예상', '정상']"
1441,연애소설 읽는 교수,9.86,안그람,0,0,0,0,0,0,0,1,1,0,0,0,0,"['잔상', '발견', '준우', '도움', '교수', '소설', '아내', '중년']"
1442,헤븐즈 소울,8.88,김영지,0,0,0,0,0,1,1,0,0,0,0,0,0,"['크리', '공격', '생명체', '소녀']"
1443,아싸가 알아버렸다,8.38,곰브,0,0,0,0,1,0,0,0,0,0,0,0,1,"['봉과', '학교', '정의']"
1444,채널뽁스,9.52,뽁스,0,1,0,0,1,0,0,0,0,0,0,0,0,"['채널', '요절', '멀티플렉스', '이상', '복통', '코미디', '상상']"
1445,유리의 벽,9.91,조호,0,0,0,0,0,0,0,1,1,0,0,0,0,"['귀족', '만난']"
1446,나의 하늘,9.82,모노,0,0,0,0,0,0,0,0,1,1,0,0,0,"['소년', '초능력', '감성', '스릴러', '사랑', '폭발']"
1447,저기요 손님,9.6,강소소,0,0,0,0,1,0,0,1,0,0,0,0,0,"['드라마', '동업', '청춘', '카페', '좌충우돌']"
1448,유물 읽는 감정사,9.88,조준희,0,0,0,0,0,0,0,1,0,1,0,0,0,"['감정사', '주문', '사연', '유물', '세계', '해진', '마법', '최고']"
1449,애늙은이,9.8,환댕,0,0,0,0,0,1,1,0,0,0,0,0,0,"['치열', '생명', '줄다리기', '소녀']"
1450,차피,9.77,펭펭,0,0,0,0,0,1,0,0,1,0,0,0,0,"['나의', '세상', '잡음', '고요']"
1451,별똥별이 떨어지는 그 곳에서 기다려,9.94,만물상,0,0,0,0,0,1,0,0,1,0,0,0,0,"['행방', '실종', '고양이', '마녀', '별똥별', '별똥']"
1452,ONE,9.91,이은재,0,0,0,0,0,0,1,0,0,0,0,0,1,"['혁명', '문제', '세상']"
1453,좀비쉽 (zombie ship),9.23,박중기,1,0,0,0,0,0,1,0,0,1,0,0,0,"['개체', '아호', '탑승', '모험', '종족', '최후', '생존', '희망']"
1454,아빠는 변태중,9.51,곽인근,0,0,0,0,1,0,0,1,0,0,0,0,0,"['세대', '주택', '다세대', '지금', '아빠', '회사원', '시트콤']"
1455,아슬아슬,7.61,전지구,0,0,0,0,0,0,0,1,1,0,0,0,0,"['신경', '소꿉', '수영', '입학', '신우', '친구', '명문고', '문고', '천재', '신비']"
1456,그녀의 심청,9.91,비완,0,0,0,0,0,0,0,1,1,0,0,0,0,"['사회', '심청', '부인', '승상', '계층', '사랑', '소외', '연대', '상류']"
1457,누나팬닷컴,8.97,김진희,0,0,0,0,0,0,0,1,1,0,0,0,0,"['아이', '가슴']"
1458,드림캐처,9.0,오후,0,0,0,0,0,1,0,0,1,0,0,0,0,"['현은', '실마리', '시현', '불면증', '입사', '컴퍼니']"
1459,해치지않아,9.64,Hun,0,0,0,0,0,0,0,1,0,0,0,0,0,"['동물', '동물원', '개장']"
1460,동쪽으로,9.89,봉봉,0,0,0,0,0,1,1,0,0,0,0,0,0,"['문명', '미래', '총잡이', '동쪽', '다이스', '멸망', '전설']"
1461,한밤의 공생,9.76,채백,0,0,0,0,0,1,0,0,1,0,0,0,0,"['영물', '대가', '영험']"
1462,4학년,9.89,봉수,0,0,0,0,0,0,0,1,0,1,0,0,0,"['아이', '눈빛', '이상']"
1463,오디션,9.73,천계영,0,0,0,0,0,0,0,1,1,0,0,0,0,"['쟁취', '소년', '부와', '토너먼트', '도전', '명예', '오디션', '천재']"
1464,거울 죽이기,9.67,환상거북,0,0,0,0,0,0,0,1,0,1,0,0,0,['눈앞']
1465,사귀자,9.5,근영,0,0,0,0,0,0,0,1,1,0,0,0,0,"['민주', '유령', '귀신', '귀요', '미녀', '천재']"
1466,매의 검,9.54,최수정,0,0,0,0,0,0,0,1,1,0,0,0,0,"['자유', '운명적', '영혼', '제왕', '운명', '여인', '러브', '사막', '스토리']"
1467,Breaker.Drawing,9.9,한필,0,0,0,0,0,1,0,0,1,0,0,0,0,"['이별', '레야', '사랑']"
1468,우리집에 왜 왔니,9.83,소지,0,0,0,0,0,0,0,0,0,1,0,0,0,"['공포', '괴물']"
1469,겟 레디 위드 미,9.74,여은,0,1,0,0,0,0,0,0,1,0,0,0,0,"['제안', '크리', '뷰티', '그림', '관심', '메이크업', '로맨스']"
1470,픽셀 오브 라이프,9.85,서우현,0,0,0,0,0,0,0,0,1,0,0,0,0,"['친구', '제일', '세상']"
1471,공부하는 고양이,9.6,Sepia,0,0,0,0,0,1,0,1,0,0,0,0,0,"['인생', '공부', '고양이', '마지막']"
1472,오만과 낭만,8.9,정과장,0,0,0,0,0,0,0,1,1,0,0,0,0,"['상사', '대타', '맞선', '자리', '만난', '직장', '오만', '최고']"
1473,식물인간,9.92,진아,0,0,0,0,0,1,0,1,0,0,0,0,0,"['힐링', '식물', '세계', '판타지', '식물인간', '기묘', '치료']"
1474,화류 (花柳),9.76,909,0,0,0,0,0,0,0,1,1,0,0,0,0,"['예악', '인생', '파란만장', '기생', '현실', '전부']"
1475,오! 나의 왕자님,9.44,우푸,0,0,0,0,0,1,0,0,1,0,0,0,0,"['이집트', '만남', '선생님', '정신', '왕자', '천재']"
1476,DVD,9.86,천계영,0,0,0,0,0,0,0,1,1,0,0,0,0,"['환상', '미남', '소녀', '비누']"
1477,신룡의 주인,9.5,도빈,0,0,0,0,0,1,1,0,0,0,0,0,0,"['선천', '드래곤', '발견', '선천적', '주인']"
1478,100%의 그녀,9.32,지완,0,0,0,0,0,0,0,1,1,0,0,0,0,"['지구', '첫사랑', '고등학생', '소녀', '반대편', '평범']"
1479,아티스트,9.83,마영신,0,0,0,0,1,0,0,1,0,0,0,0,0,"['욕망', '어린이', '예술가']"
1480,아는 귀신,9.38,버덩,0,0,0,0,0,0,0,1,1,0,0,0,0,"['이음새', '귀신', '사랑', '연애', '계약', '정혜']"
1481,서브미션,9.42,김학영,0,0,0,0,0,0,1,1,0,0,0,0,0,"['왕따', '일진', '승자', '마지막', '제압', '소리']"
1482,SAVAGE,9.82,홍경표,0,0,0,0,0,0,1,0,0,1,0,0,0,"['욕망', '짐승', '시대', '야만', '몸부림']"
1483,부딪치다,9.59,지완,0,0,0,0,0,1,0,0,1,0,0,0,0,"['유전자', '운명적', '조이', '운명', '능력자', '클래스', '사랑', '특별', '무원']"
1484,끼리끼리,9.86,이주현,0,0,0,0,1,0,0,0,0,0,0,0,1,['세상']
1485,나비소리,9.44,ZZING,0,0,0,0,0,0,0,1,1,0,0,0,0,"['미래', '나의', '연인']"
1486,안개숲,9.41,조원표,0,0,0,0,0,0,0,1,0,1,0,0,0,"['남녀', '안개', '사고', '탈출']"
1487,승은이 망극하옵니다,9.91,참치캔,0,0,0,0,0,1,0,0,1,0,0,0,0,"['후궁', '승은', '세계']"
1488,소년이여,9.62,병장,0,0,0,0,0,0,1,0,0,0,0,0,1,"['용진', '시도', '결심', '자살', '복수', '소식', '동생']"
1489,오피스텔,9.4,조원표,0,0,0,0,0,0,0,0,0,1,0,0,0,"['장소', '편안', '존재']"
1490,예쁜 남자,9.7,천계영,0,0,0,0,0,0,0,1,1,0,0,0,0,"['보통', '미모', '성공', '무기', '출세']"
1491,집행자여,9.76,종수,0,0,0,0,0,0,0,1,0,1,0,0,0,"['어둠', '통금', '시대', '고삐']"
1492,덕후의 여자,9.14,다가비,0,0,0,0,0,0,0,1,1,0,0,0,0,"['게임', '사랑']"
1493,네 살 차이,9.62,이범,0,0,0,0,0,0,0,1,1,0,0,0,0,"['연상', '취향', '궁합', '성격']"
1494,모아세 (모두가 아름다워진 세상),9.6,슈크림,0,0,0,0,0,0,0,1,0,1,0,0,0,"['성형', '외모']"
1495,들쥐,9.86,루드비코,0,0,0,0,0,0,0,1,0,1,0,0,0,['외출']
1496,대디보이,9.68,이록,0,0,0,0,0,0,0,1,0,0,0,0,1,"['일생', '일대', '사건', '자타', '인기', '공인', '연예인', '일생일대', '데뷔', '최고']"
1497,빌런즈,9.85,김불꽃,0,0,0,0,0,0,1,1,0,0,0,0,0,"['생활', '조수', '준비', '어로', '세월', '동안', '악당']"
1498,하이힐을 신은 소녀,9.03,천계영,0,0,0,0,0,0,0,0,1,0,0,0,1,"['어른', '얘기']"
1499,그 고양이가 통치하는 세상,9.74,JINGJIAN,0,0,0,0,0,1,0,0,1,0,0,0,0,"['생의', '고양이', '판타지', '시크', '로맨스', '최강', '수저', '여고']"
1500,체이서,9.19,하준성 ,0,0,0,0,1,0,1,0,0,0,0,0,0,"['활극', '액션', '모험', '코믹', '일행', '간의', '이서', '기억']"
1501,껍데기,9.35,김탐미,0,0,0,0,0,0,0,1,0,1,0,0,0,"['성형외과', '의사', '도하', '행복', '껍데기']"
1502,나와 그녀삼신과 호러맨스,9.83,탐기린,0,0,0,0,0,1,0,0,1,0,0,0,0,"['겁쟁이', '삼신', '사건', '재수', '초보', '해결']"
1503,강경옥 환상집 BEST,9.93,강경옥,0,0,0,0,0,0,0,1,0,1,0,0,0,"['야망', '시선', '동화', '잔혹', '상처', '집착', '창조', '강경']"
1504,Go Bananas,9.87,센개,0,0,0,0,0,0,0,1,1,0,0,0,0,"['전화', '표시', '제한', '발신자']"
1505,괴담도시,9.01,기담,0,0,0,0,0,0,0,1,0,1,0,0,0,"['파이', '접속', '전역', '학교', '와이']"
1506,진심으로 심쿵,9.72,헿,0,0,0,0,0,0,0,1,1,0,0,0,0,"['산삼', '모태', '사건', '진심', '솔로']"
1507,그대로 좋아!,9.84,보배,0,0,0,0,0,0,0,1,1,0,0,0,0,"['스토커', '학생', '오해', '미니', '수업', '복학생']"
1508,조숙의 맛,9.94,이우물,0,0,0,1,0,0,0,1,0,0,0,0,0,"['엄마', '초등학생', '교체']"
1509,CAT (캣),9.77,강현준,0,0,0,1,1,0,0,0,0,0,0,0,0,"['특기', '용변', '보기', '만화가', '고양이', '원고', '도장']"
1510,모든 순간이 너였다,9.78,정하,0,0,0,0,0,0,0,1,1,0,0,0,0,[]
1511,난 하마 안 될거야,9.81,구리,0,0,0,1,1,0,0,0,0,0,0,0,0,"['우울', '일상', '공감']"
1512,달에 사는 사람들,9.62,다원,1,0,0,0,0,0,0,0,0,1,0,0,0,"['벌레', '찰나', '기어', '등골', '소리']"
1513,도둑맞은 책,9.46,이규희,0,0,0,0,0,0,0,1,0,1,0,0,0,"['제자', '슬럼프']"
1514,풀 뜯어먹는 소리,9.76,글피,0,0,0,1,1,0,0,0,0,0,0,0,0,"['서울', '라이프', '시골']"
1515,붉은 여우,9.85,하마,1,0,0,0,0,1,0,1,0,0,0,0,0,"['모습', '여우', '여인', '사랑', '둔갑']"
1516,싸움의 기술2,9.42,구한준,0,0,0,0,0,0,1,0,0,0,0,0,1,"['왕따', '전설적', '싸움꾼', '전교', '고교생', '진정', '전설', '싸움']"
1517,유사과학 탐구영역,9.83,계란계란,0,1,0,0,1,0,0,0,0,0,0,0,0,"['심층', '현대판', '상업', '과학', '논리', '유사', '약장수', '탐구']"
1518,천사증후군,9.03,pikapi,0,0,0,0,0,0,0,1,1,0,0,0,0,"['도자기', '마디', '스토커', '인형', '학교', '유진', '여고생']"
1519,노인의 집,9.93,김종욱,0,0,0,0,0,0,0,1,0,0,0,0,0,"['허비', '아이', '노인', '성실', '규칙', '규칙적']"
1520,식탁 아래 Blue,9.89,매봉,0,0,0,1,0,0,0,1,0,0,0,0,0,"['만찬', '금요일', '우울', '식탁', '저녁', '아래']"
1521,애매하게 또,9.75,박유진,0,0,0,0,0,0,0,1,1,0,0,0,0,"['소식', '결혼', '친구', '관계', '마음']"
1522,노말시티,9.92,강경옥,0,0,0,0,0,1,0,1,0,0,0,0,0,"['정상인', '도시', '정상', '시티']"
1523,밤에 사는 소녀,9.93,문홍조,0,0,0,0,0,0,0,1,0,0,0,0,1,"['암울', '소녀', '행복', '태생']"
1524,트라이앵글,9.85,89LINE,0,0,0,0,0,1,1,0,0,0,0,0,0,"['모험', '세계']"
1525,난 짱이야,9.51,김병관,0,0,0,0,1,0,0,0,0,0,0,0,1,"['스쿨', '버섯', '정체불명', '라이프', '학년', '허세', '병이', '중학교', '불명']"
1526,나를 깨우러 온,9.57,박하,0,0,0,0,0,1,0,0,1,0,0,0,0,"['시대', '수면']"
1527,부산 신인작가 단편선,6.13,부산웹툰캠퍼스,0,0,0,1,0,0,0,1,0,0,0,0,0,"['스쿨', '소개', '캠퍼스', '예비', '단편', '부산', '수료']"
1528,악연,9.85,최희선,0,0,0,0,0,0,0,0,0,1,0,0,0,"['악연', '유기', '사채', '상처', '시체']"
1529,러브 시그널,7.5,윤,0,0,0,0,0,0,0,1,1,0,0,0,0,"['욕망', '흑심', '스타', '도전', '명의', '구혼', '최정상', '슈퍼스타', '공개']"
1530,머리 위로 부는 바람,9.89,이이영,0,0,0,0,0,0,0,1,1,0,0,0,0,[]
1531,징크스의 연인,9.89,구슬,0,0,0,0,0,0,0,1,1,0,0,0,0,"['행운', '여신', '재수', '재벌', '가난', '가가']"
1532,유치원의 하루,9.47,가바나,0,0,0,1,1,0,0,0,0,0,0,0,0,"['일상', '아이', '유치원']"
1533,"프롬, 스타",9.87,라라시스터,0,0,0,0,0,0,0,1,1,0,0,0,0,['소원']
1534,51번째 남자,8.95,문미영,0,0,0,0,0,0,0,1,1,0,0,0,0,"['철벽', '분투', '로맨스', '고군분투', '이과', '고군']"
1535,피그맨,9.44,정럭키,0,0,0,0,0,1,1,0,0,0,0,0,0,"['액션', '보일드', '세계', '군의', '핵전쟁', '멸망', '음모', '하드', '추적', '마라', '제로']"
1536,밤의 새벽,9.87,김언슴,1,0,0,0,0,0,0,1,0,1,0,0,0,"['인육', '생각', '아이', '소녀']"
1537,혼담별곡,8.91,조민영,0,0,0,0,0,0,0,1,1,0,0,0,0,"['성사', '중매', '프로젝트', '백연', '노처녀', '신생', '결혼', '대표', '회사', '도성']"
1538,물고기의 밤,9.63,정은수,0,0,0,0,0,0,0,1,1,0,0,0,0,"['문제', '일상', '외도', '일도', '생각', '사랑', '친구', '목격']"
1539,에덴의 왕,9.44,이상철,0,0,0,0,0,0,0,1,0,1,0,0,0,"['위협', '바이러스', '인류', '세계', '조직', '위기', '전세계', '전설', '테러']"
1540,영원한 빛,9.84,이상록,1,0,0,0,0,1,0,0,0,0,0,0,0,"['형벌', '기회', '윤회', '기억']"
1541,꼼짝마 스파이,8.9,시그마,0,0,0,0,0,0,0,1,1,0,0,0,0,"['일류', '범죄', '사고', '잠입', '뭉치', '스네이크', '조직', '사고뭉치', '하수', '남장', '특종', '블랙', '기자']"
1542,취준생물,9.76,김판교,0,0,0,0,0,0,0,1,0,0,0,0,0,"['무스', '인맥', '성공', '학벌', '취업난', '취직']"
1543,대치동 일타강사,9.48,송예슬,0,0,0,0,0,0,0,1,0,0,0,0,1,"['강남', '도전', '학원가', '스승', '강사']"
1544,남은 고양이,9.92,김경,0,0,0,0,0,0,0,1,1,0,0,0,0,"['임무', '고양이']"
1545,시동,9.86,조금산,0,0,0,0,1,0,0,1,0,0,0,0,0,"['세상', '적응', '청소년', '가출', '적응기']"
1546,월하노인,9.41,꿀자몽,0,0,0,0,0,0,0,1,1,0,0,0,0,['사랑']
1547,더블랙LABEL,9.89,김태희,0,0,0,0,0,0,0,1,0,1,0,0,0,"['구성원', '대부분', '범죄', '느와르', '굴지', '조직', '대기업']"
1548,흑룡연인,9.16,키다리 스튜디오,0,0,0,0,0,0,0,1,1,0,0,0,0,"['여래', '흑룡', '성공', '하이', '조직', '상하이', '평안', '권력', '최고']"
1549,메시아 콤플렉스,9.8,박찬용,0,0,0,0,0,0,1,0,0,1,0,0,0,"['거리', '좀비']"
1550,뿔,9.45,팀 샐러드레씽,0,0,0,0,0,1,1,0,0,0,0,0,0,"['도깨비', '귀신', '소녀']"
1551,달콤하게 푹 반하다,8.79,권열희,0,0,0,0,0,0,0,1,1,0,0,0,0,"['화신', '대상', '유혹', '복수']"
1552,한복이 너무해,9.55,Chara,0,0,0,0,0,0,0,1,1,0,0,0,0,"['가정부', '소촌', '대검', '민속촌', '러브', '아가씨']"
1553,마애(磨崖),9.85,제피가루,0,1,0,0,0,0,0,1,0,0,0,0,0,"['국보', '역사', '삼존', '장군', '바우', '입상', '소재', '마애', '삼존불', '불입']"
1554,스페이스 차이나 드레스,7.53,원현재,0,0,0,0,0,0,1,0,0,0,0,0,0,"['만두', '수제자', '일격', '계획', '메이', '소림', '코피', '복수', '제자', '최고', '주인']"
1555,사라지지마,9.55,한실분,0,0,0,0,0,0,0,1,1,0,0,0,0,"['한비', '투명', '소녀', '분투', '고군분투', '고군']"
1556,미래에서 온 그이,9.57,양희,0,0,0,0,0,1,0,0,1,0,0,0,0,"['여보', '의식', '미래', '로즈', '남편']"
1557,카운터,8.82,구나,0,0,0,0,0,0,1,0,0,0,0,0,1,"['고군', '고통', '정은', '현실', '고군분투', '분투', '기억']"
1558,경성이 서울을 만났을 때,9.93,ZiV,0,0,0,0,0,0,0,1,1,0,0,0,0,"['서울', '영혼', '일제', '소녀상', '이틀', '강점기', '소녀', '동안']"
1559,"솔미솔파, 나의 노래",9.61,김용선,0,0,0,0,0,0,0,1,1,0,0,0,0,"['사실', '아이', '산부인과']"
1560,맛있는 스캔들,9.79,알수없음,0,0,0,0,1,0,0,0,1,0,0,0,0,"['조각', '아이', '인기', '미남', '센터', '그룹']"
1561,N번째 연애,9.88,율로,0,0,0,0,0,0,0,1,1,0,0,0,0,"['자락', '청춘', '인연', '사랑', '연애', '진정', '끝자락']"
1562,시크릿 스타,9.74,밍과,0,0,0,0,0,0,0,1,1,0,0,0,0,"['정체', '라이프', '계속', '아이', '인기', '멤버', '사실', '오타쿠']"
1563,헬헌터,8.95,COMICLOFT,0,0,0,0,0,1,1,0,0,0,0,0,0,"['문명', '국가', '멸망', '음모', '도시', '생존']"
1564,크라임 퍼즐,9.77,미상,0,0,0,0,0,0,0,1,0,1,0,0,0,"['학자', '범죄', '분석', '살인', '인터뷰', '교도소', '관의', '아버지', '심리', '실체']"
1565,광세영웅,8.57,나무나래,0,0,0,0,0,1,1,0,0,0,0,0,0,"['습격', '병기', '괴수', '기술력', '완성', '음모', '미지', '사명', '절대']"
1566,그그그,9.65,Ranunculus,0,0,0,0,0,0,0,1,1,0,0,0,0,"['이중', '생활', '상사', '생과', '인연', '알바']"
1567,어떻게든 중간만 간다면,9.65,유성연,0,0,0,1,1,0,0,0,0,0,0,0,0,"['직장', '커플']"
1568,젠틀한 야수,9.78,구리,0,0,0,0,1,0,0,0,1,0,0,0,0,"['순정', '전학', '정상인', '명문', '고등학교', '학교']"
1569,분홍분홍해,9.84,토마토,0,0,0,0,0,0,0,1,1,0,0,0,0,"['이름', '분홍', '아르바이트', '짝사랑', '애칭', '은유']"
1570,심해의 조각들,9.74,지애,0,0,0,0,0,0,0,1,1,0,0,0,0,"['환청', '은퇴', '기해', '사실', '연예계']"
1571,은빛고릴라,9.87,만화인간,0,0,0,0,0,1,0,1,0,0,0,0,0,"['동물', '내가', '변신', '도심', '개가', '생존']"
1572,일진,8.14,김성모,1,0,0,0,0,0,1,0,0,0,0,0,1,"['서울', '공고', '스펙타클', '졸업기', '졸업', '전학', '고수', '고향']"
1573,보통사이,9.83,우현,0,0,0,0,0,0,0,1,1,0,0,0,0,"['한마디', '별거']"
1574,어이상실의 시대,9.72,정아로,0,0,0,0,0,0,0,0,1,0,0,0,0,"['모범생', '우의', '성실', '연애', '실과', '개념', '상실']"
1575,마왕비 납시오,9.45,Su Xiao Yu,0,0,0,0,0,1,0,0,1,0,0,0,0,"['미남', '스타인', '절세', '기절']"
1576,나홀로 주부,9.87,은초,0,0,0,0,0,0,0,1,0,0,0,0,1,"['고교생', '일상', '주부', '살림']"
1577,그림자 밟기,9.76,소윤,0,0,0,0,0,0,0,0,1,0,0,0,1,"['능력', '상대', '소년', '그림자', '용의', '성장기']"
1578,늑대는 꽃의 향기,9.08,리유마 카나,0,0,0,0,0,1,0,0,1,0,0,0,0,"['사슴', '늑대', '사랑', '숙명', '평생']"
1579,화양연화,5.68,나잔,0,0,0,0,0,0,0,1,1,0,0,0,0,"['라이프', '소심', '캠퍼스', '파란만장', '성격']"
1580,청소부 K,9.81,홍순식,0,0,0,0,0,0,1,1,0,0,0,0,0,"['피의', '거대', '복수', '권력']"
1581,단지,9.85,단지,0,0,0,1,0,0,0,1,0,0,0,0,0,"['거짓말', '손가락']"
1582,우정으로 결혼한 소꿉친구,8.58,김채운,1,0,0,0,1,0,0,0,1,0,0,0,0,"['로맨틱', '생활', '소꿉', '김유신', '가이', '러브', '연애', '결혼', '지기', '친구', '코미디', '소연', '세포']"
1583,다이다이,9.18,이석재,1,0,0,0,0,0,1,1,0,0,0,0,0,"['이름', '소년', '복수', '아래', '이상', '처절', '송곳', '싸움']"
1584,남자 셋 친칠라 하나,9.9,도벗,0,0,0,1,1,0,0,0,0,0,0,0,0,"['친칠라', '일상', '소년']"
1585,몸,9.42,제피가루,0,0,0,0,0,0,0,1,0,1,0,0,0,"['중개인', '거래', '인체', '오시']"
1586,0.0MHz,9.71,장작,0,0,0,0,0,0,0,0,0,1,0,0,0,"['현상', '발상', '위험', '과학적', '심령', '과학']"
1587,가깝다고 생각하면 가까운,9.86,검둥,0,0,0,1,0,0,0,1,0,0,0,0,0,"['사정', '대체', '트라', '소녀', '시영', '피해', '우마']"
1588,디어 마이 유니버스,9.91,우수경,0,0,0,0,0,1,0,0,1,0,0,0,0,"['우주', '앞바다', '파이', '조난', '부산', '우주인', '지구인']"
1589,괜찮아! 골드미스,9.25,GuaGuaGua,0,0,0,0,0,0,0,0,1,0,0,0,0,"['선과', '소연', '결혼', '소개팅']"
1590,먼지소녀,9.8,독트윈,0,0,0,0,0,0,0,1,1,0,0,0,0,"['로맨스', '완전', '불운', '소년', '학원', '수의', '소녀', '순수', '먼지', '은수', '선율']"
1591,드라이 플라워 (Dry flower),9.58,김남석,0,0,0,0,0,0,0,1,1,0,0,0,0,"['무명', '완벽', '연기', '남편', '꽃집', '주인']"
1592,뜨거운 불꽃처럼,7.74,권열희,0,0,0,0,0,0,0,1,1,0,0,0,0,"['인생', '절망', '오기']"
1593,코에코이,9.48,도루루,0,0,0,0,0,0,0,0,1,0,0,0,1,"['조금', '학교생활', '특이', '특별', '목소리']"
1594,치삼 탐정 사무소,9.65,치삼,0,0,0,0,1,0,0,0,0,0,0,0,0,"['주의자', '탐정', '폭력', '킬러', '주먹', '추리', '평화']"
1595,어쩌다 발견한 7월,9.93,무류,0,0,0,0,0,1,0,0,1,0,0,0,0,[]
1596,두근두근! 스테이지,9.66,하이비,0,0,0,0,0,0,0,1,0,0,0,0,1,"['정의', '매니저', '유정', '환상', '예고', '스테이지', '무대']"
1597,스텔라 프린스,9.44,Agiss,0,0,0,0,0,0,0,1,1,0,0,0,0,"['무엇', '카페', '수상', '직원', '사장님', '기류', '사장']"
1598,너도 나랑,9.91,석영,0,0,0,0,0,0,0,1,1,0,0,0,0,"['피자', '고민', '치킨']"
1599,천사의 집,9.83,휘영,0,0,0,0,0,0,0,1,0,1,0,0,0,"['살인', '이사', '혐의', '피해', '기억']"
1600,1호선,9.52,이은재,0,0,0,0,0,0,0,0,0,1,0,0,0,"['서울', '대상', '다음', '폐허', '공모전']"
1601,통 엣지,9.88,한큰빛,0,0,0,0,0,0,1,0,0,0,0,0,1,"['하종', '불살', '액션', '후계자', '의리', '검객', '희수']"
1602,드리밍,9.75,달짱,0,0,0,0,0,0,0,1,1,0,0,0,0,"['후반', '사랑', '고등학생', '엉망']"
1603,다정한 겨울,9.72,이준,0,0,0,0,0,0,0,1,1,0,0,0,0,"['조금', '아이', '특별']"
1604,유부녀의 탄생,9.82,김환타,0,0,0,1,1,0,0,0,0,0,0,0,0,"['구도', '리얼리티', '준비', '결혼식', '카툰']"
1605,태양의 시,9.93,목인,0,0,0,0,0,1,0,1,0,0,0,0,0,"['영원', '태양빛']"
1606,이안에 나,9.63,구안,0,0,0,0,0,0,0,1,1,0,0,0,0,"['원래', '슈퍼스타', '이안', '모습']"
1607,면사포를 쓰고픈 남자,9.83,스트,0,0,0,0,0,0,0,1,1,0,0,0,0,"['육체', '치유', '내면', '사랑', '고정관념']"
1608,그놈의 스캔들,9.8,하나,0,0,0,0,0,0,0,1,1,0,0,0,0,"['톱스타', '사고', '뭉치', '선택', '유제', '사고뭉치', '결혼', '배우']"
1609,레이디 프로젝트,9.73,홍 & 담,0,0,0,0,0,1,0,0,1,0,0,0,0,"['로맨스', '범한', '메이드', '셀러', '러브', '여행', '비밀', '신랑', '아가씨']"
1610,로미오가 줄리엣,9.68,이아영,0,0,0,0,0,0,0,0,1,0,0,0,1,"['인기', '폭발', '여고', '첫사랑']"
1611,위험한 동거,9.69,T2,0,0,0,0,0,0,0,0,0,1,0,0,1,"['가족', '여고생', '살인마']"
1612,허세남길들이기,8.58,현마담,0,0,0,0,1,0,0,1,0,0,0,0,0,"['성공', '정작', '남의']"
1613,샤먼 트리트먼트,9.7,종수,1,0,0,0,0,1,0,1,0,0,0,0,0,['무당']
1614,햄스터와 그녀,9.73,jaw,0,0,0,0,0,0,0,0,0,1,0,0,0,"['대학생', '일상', '햄스터', '악몽', '이상']"
1615,두근두근 근육소녀♡,9.31,Lestat,0,0,0,0,1,0,0,0,1,0,0,0,0,"['인생', '일대', '첫사랑', '근육질', '기회', '소녀', '재회']"
1616,호아전,9.91,거북이,0,0,0,0,0,0,0,1,1,0,0,0,0,"['일제', '강점기', '시대극', '귀신', '여인', '호랑', '벽안']"
1617,말괄량이 길들이기,9.8,비아이,0,0,0,0,0,0,0,1,1,0,0,0,0,"['노바', '트리', '유혹', '의뢰', '미녀']"
1618,날라리,9.53,손길,0,0,0,0,0,0,0,1,1,0,0,0,0,"['비밀', '연애']"
1619,이웃잔혹사,9.76,신영,0,0,0,0,0,0,0,1,0,1,0,0,0,"['이웃', '드라마', '잔혹', '당첨금', '당첨', '복권']"
1620,러브 앤 위시,9.64,이네,0,0,0,0,0,0,0,1,1,0,0,0,0,"['반한', '주민', '이자', '아파트', '반인']"
1621,미래의 시간,9.72,비둘기,0,0,0,0,0,0,0,1,0,1,0,0,0,"['공모', '대상', '대전', '과거', '수상작']"
1622,살생부,9.87,김종훈,1,0,0,0,0,1,0,0,0,0,0,0,0,"['사극', '코어', '액션', '대상', '운동', '배경', '단종', '공모', '조선', '하드', '대전', '복위']"
1623,빛나는 손을,9.89,강은영,0,0,0,0,0,1,0,0,1,0,0,0,0,"['혼자', '세상', '소녀']"
1624,진주,9.84,이노안,0,0,0,0,0,0,0,1,1,0,0,0,0,"['자화상', '고민', '미래', '청춘', '연애', '가족', '관계']"
1625,좋아한다는 걸 잊지마,9.84,로또,0,0,0,0,0,0,0,1,1,0,0,0,0,"['환영회', '시선', '신입생', '학생', '정민', '처음', '지호', '만난', '복학생', '최고']"
1626,그래도 되는가,9.67,우다,0,0,0,0,0,0,0,1,1,0,0,0,0,"['진상', '대상', '공모', '친척', '대전', '가족', '수상작']"
1627,사립갱생고교,9.68,최영,0,0,0,0,0,0,1,0,0,0,0,0,1,"['사립', '열혈', '공감', '집합소', '고교', '청춘', '주먹', '갱생']"
1628,엘리제를 위해,9.7,꼬리치레,0,0,0,0,0,0,0,1,1,0,0,0,0,"['후인', '소꿉', '콘테스트', '참여', '인형', '한걸음', '친구', '고백', '마음']"
1629,포 더 프린세스,9.88,TB,0,0,0,0,0,0,0,1,1,0,0,0,0,"['동화', '테마', '파트너', '첫사랑', '공연단', '로맨스']"
1630,"안녕, 엄마",9.95,김인정,0,0,0,0,0,0,0,1,1,0,0,0,0,"['엄마', '이별']"
1631,"수수, 한",9.86,스리,0,0,0,1,0,0,0,1,0,0,0,0,0,"['좌충우돌', '남매', '오해']"
1632,웹툰창작실습,9.44,정성완,1,0,0,0,0,0,0,0,0,1,0,0,0,"['소름', '학년', '경쟁', '기회', '학과', '데뷔']"
1633,사생,9.9,도달,0,0,0,0,0,0,0,1,0,1,0,0,0,"['사건', '사생', '가수']"
1634,발자국이 녹기 전에,9.93,서결,0,0,0,0,0,0,0,1,1,0,0,0,0,"['가상', '사랑', '조선', '아픔', '세상']"
1635,아귀,9.8,디디,0,0,0,0,0,0,0,0,0,1,0,0,0,"['대상', '지옥', '공모전', '수상작']"
1636,인연을 바라다 : 희연,9.9,아섬,0,0,0,0,0,1,0,0,1,0,0,0,0,"['이해', '신령', '세상']"
1637,검은 방주,9.83,DB,0,0,0,0,0,1,1,0,0,0,0,0,0,"['낙원', '지구', '인류', '방주', '지옥']"
1638,도나스 학교괴담,9.74,DONA$,0,0,0,0,1,0,0,0,0,1,0,0,0,"['무시', '학교']"
1639,행복한 낙원의 당신,9.49,수정,0,0,0,0,0,0,0,1,1,0,0,0,0,"['로맨틱', '소년', '사연', '생계', '행락', '소녀', '코미디']"
1640,이병 일학년,9.77,최호진,0,0,0,0,0,0,0,1,0,0,0,0,0,"['음대', '기분', '입학', '군대', '마음']"
1641,이토록 완벽한 짝사랑,9.68,싹,0,0,0,0,0,0,0,1,1,0,0,0,0,"['선재', '첫날', '동거', '짝사랑', '마음']"
1642,환상숲,9.68,고동동,0,0,0,0,0,1,0,0,0,1,0,0,0,"['사건', '환상', '신비']"
1643,지배,9.77,박태현,0,0,0,0,0,0,1,0,0,1,0,0,0,"['테리', '미스', '대항', '존재', '싸움']"
1644,사수생도 연애를 한다,9.74,스카프,0,0,0,0,0,0,0,1,1,0,0,0,0,"['준비', '미남', '사수', '입시', '짝사랑']"
1645,그녀는 VIP,8.93,이태경,0,0,0,0,0,0,0,1,1,0,0,0,0,"['강남', '맏딸', '미션', '대학', '체인', '성형외과', '공룡', '과외', '그룹', '강사']"
1646,사채,9.1,엄이양,0,0,0,0,0,0,0,1,0,1,0,0,0,"['채무자', '사채', '굴레']"
1647,너에게 도달하는 방법,9.69,ㅁㅣㄱ,0,0,0,0,0,0,0,1,1,0,0,0,0,"['아이', '기억']"
1648,블리즈니치,9.8,원재,0,0,0,0,0,1,0,1,0,0,0,0,0,"['진실', '망각', '감당', '선택', '과거', '기억']"
1649,환희의 초상,9.78,Junah,0,0,0,0,0,0,0,0,1,1,0,0,0,"['리처드', '거리', '손님', '파스칼', '초상화', '화가']"
1650,휴니멀,9.82,일링스,0,0,0,0,0,1,0,0,1,0,0,0,0,"['반수', '코미디', '블랙', '반인']"
1651,위대한 로맨스,9.62,이예은,0,0,0,0,0,1,0,0,1,0,0,0,0,"['초월', '시공', '사랑']"
1652,반드시 잡는다!,9.91,DAUM WEBTOON,0,0,0,1,0,0,0,0,0,0,0,0,0,"['이용', '사이트', '메시지', '주세', '다음', '불법']"
1653,밥 해주는 남자,9.84,김원종,0,0,0,0,0,0,0,1,1,0,0,0,0,"['남녀', '요리', '사랑']"
1654,죽어도 좋아♡,9.82,골드키위새,0,0,0,0,0,0,0,1,1,0,0,0,0,"['과장', '주임', '사건', '상사', '중년']"
1655,여고생 임연수,9.56,박혬,0,0,0,0,0,0,0,1,0,0,0,0,1,"['일상', '제안', '생의', '수락', '대한민국', '불량', '친구', '생존', '여고']"
1656,돌아갈 귀,9.83,송동근,0,0,0,0,0,0,1,1,0,0,0,0,0,"['조선인', '일기', '벌판', '전쟁', '귀향']"
1657,우리 남매의 일상은,9.06,손달섭,0,0,0,1,1,0,0,0,0,0,0,0,0,"['일상', '대한민국', '남매']"
1658,"쉼없이 시간을 거슬러, 너에게",9.85,류가명,0,0,0,0,0,1,0,1,0,0,0,0,0,"['현재', '로맨스', '감성', '판타지', '과거']"
1659,용한 남자,9.83,오리발,0,0,0,0,0,0,0,0,1,1,0,0,0,"['미래', '귀신', '본격', '심령', '로맨스', '미스', '테리']"
1660,도깨비언덕에 왜 왔니?,9.82,김용회,0,0,0,0,0,1,0,0,0,0,0,0,0,"['엄마', '아빠', '녀석']"
1661,무능력자,9.9,비둘기,0,0,0,0,0,0,0,1,1,0,0,0,0,"['초능력', '좌충우돌', '동거', '로맨스', '시골']"
1662,귀신을 보는 남자,9.82,A4스튜디오,0,0,0,0,0,1,0,1,0,0,0,0,0,"['방법', '귀신', '고전', '고전적', '디지털']"
1663,우두커니,9.95,심우도,0,0,0,0,0,0,0,1,0,0,0,0,0,"['치매', '아버지']"
1664,라인업,9.93,라돌,0,0,0,0,0,0,0,1,0,0,0,1,0,"['희망', '부산', '서핑', '청춘']"
1665,블링커,9.7,이유정,0,0,0,0,0,1,1,0,0,0,0,0,0,"['판타지', '공간', '화려', '이동']"
1666,호접몽,9.86,정동생,0,0,0,0,0,1,1,0,0,0,0,0,0,"['자의', '만남', '조율']"
1667,옥탑빵,9.94,bodam,0,0,0,1,0,0,0,1,0,0,0,0,0,"['빵집', '냄새', '고소', '회사']"
1668,간이역에 겨울이 오면,9.89,꿀오뎅,0,0,0,0,0,0,0,1,1,0,0,0,0,"['로맨스', '기차역', '전화위복', '취업난']"
1669,영하의 온도,9.38,홍로,0,0,0,0,0,1,0,0,1,0,0,0,0,"['사랑', '친구']"
1670,백은아란전,9.38,송의섭,0,0,0,0,0,0,1,0,0,0,0,0,0,"['정파', '기계', '사파', '전쟁', '아란', '몸속', '내공']"
1671,레이디 앤 젠틀맨,9.19,브로콜리로,0,0,0,0,0,0,0,1,1,0,0,0,0,"['모습', '대지', '청년', '여름', '재벌', '시골']"
1672,은상은상,8.61,개거북,0,0,0,0,1,0,0,0,1,0,0,0,0,"['라이프', '소꿉', '영어', '친구', '코믹', '은영', '강사']"
1673,그녀는 나를 싫어해,9.85,사삭,0,0,0,0,1,0,0,0,1,0,0,0,0,"['단호박', '시니컬']"
1674,그렇고 그런 사이,9.87,엔쥬,0,0,0,0,0,0,0,1,1,0,0,0,0,"['쌍둥이', '더블', '특별']"
1675,사람 냄새,9.77,김숭늉,1,0,0,0,0,0,0,0,0,1,0,0,0,"['괴성', '좀비', '옆방']"
1676,홍도,9.89,s_owl,0,0,0,0,0,1,1,0,0,0,0,0,0,"['우수', '공모', '판타지', '대전', '수상', '수상작', '온라인']"
1677,처음 뵙겠습니다,9.74,꼬리,0,0,0,0,0,0,0,1,1,0,0,0,0,"['시간', '공간', '본격', '판타지', '로맨스', '슬립', '타임']"
1678,다음웹툰 팬클럽 모집,9.9,DAUM WEBTOON,0,0,0,1,0,0,0,0,0,0,0,0,0,"['발표', '미션', '창단', '선물', '가입', '최대', '한정판']"
1679,박살소녀,9.75,민홍,0,0,0,0,0,0,0,0,1,0,0,0,1,"['소년', '최강', '괴물', '소녀']"
1680,하데스쿨,9.66,비욘더13,0,0,0,0,0,1,0,0,0,0,0,0,1,"['첫사랑', '메두사', '살벌']"
1681,완벽한 저녁,9.85,백희,0,0,0,0,0,0,0,1,1,0,0,0,0,"['메이트', '성공', '건축가', '지수', '연하', '하우스', '완벽', '강주', '저녁']"
1682,빈둥빈둥 환타스틱 유럽 여행기,9.86,김환타,0,0,0,1,1,0,0,0,0,0,0,0,0,"['여행기', '여행', '유럽', '좌충우돌']"
1683,우렁각시,9.82,해만,0,0,0,0,0,1,0,1,0,0,0,0,0,"['여대생', '여대', '우미', '동거', '가사', '기상천외']"
1684,20세 보고서,9.77,YSE,0,0,0,0,0,0,0,1,0,0,0,0,0,"['초보', '성인']"
1685,서울협객전,9.7,신영우,0,0,0,0,0,0,1,0,0,0,0,0,0,"['서울', '엔돌핀', '한복판', '무협', '코믹', '카타르시스', '세상', '중심']"
1686,메린;인어이야기,9.53,에니카,0,0,0,0,0,0,0,0,1,0,0,0,0,"['유혹', '인어', '왕자', '심장', '거부']"
1687,인피의상,9.59,늙은여우,0,0,0,0,0,0,0,0,0,1,0,0,0,"['생일날', '비밀', '가죽', '충격', '남편', '충격적']"
1688,미드나잇 파트너,9.76,김민희,0,0,0,0,0,1,0,0,0,0,0,0,0,"['귀신', '선생님', '환상', '무의식', '생과', '형상화', '담임', '커플', '여고']"
1689,티라레,9.89,홍성수,0,0,0,0,0,1,0,1,0,0,0,0,0,"['상속', '고통', '인생', '재벌']"
1690,너클걸 러스티,9.68,유상진 ,0,0,0,0,0,0,1,0,0,0,0,0,1,"['방황', '소년원', '친구', '대신']"
1691,싱싱해요,9.51,김윤정,0,0,0,0,0,0,0,0,1,0,0,0,0,"['정도', '삼각관계', '아빠', '짝사랑', '공포증']"
1692,크리스마스는 쨈과 함께,9.92,루시드,0,0,0,0,0,1,0,1,0,0,0,0,0,"['주인', '사랑', '추방', '제임스', '악마']"
1693,어제 오늘 그리고 내일,9.82,백두부,0,0,0,1,1,0,0,0,0,0,0,0,0,"['라이프', '두부', '깨알', '감수성', '디테일']"
1694,어디에서든 널 원해,9.55,김룸,0,0,0,0,0,0,0,0,1,0,0,0,0,"['불안', '나비', '채팅', '랜덤', '비밀', '호감']"
1695,대작,9.81,김용회,0,0,0,0,0,0,0,1,0,0,0,0,0,"['막걸리', '대결', '최고', '신명']"
1696,밤 10시에 만나,9.93,DAUM WEBTOON,0,0,0,1,0,0,0,0,0,0,0,0,0,['다음']
1697,달이 뜨면 만나요,9.78,이상은,0,0,0,0,0,1,0,0,1,0,0,0,0,"['남녀', '운명적', '운명', '환상적', '환상', '사랑', '아래']"
1698,공기심장,9.66,김종진,0,0,0,0,0,1,0,0,1,0,0,0,0,"['사랑', '동시', '심장', '세상']"
1699,공자님 거기 있어 줄래요,9.44,동만당,0,0,0,0,0,0,0,0,1,0,0,0,0,"['속물', '미남']"
1700,새벽날개,9.93,박흥용,0,0,0,0,0,0,0,1,0,0,0,0,0,"['생각', '오토바이', '기대어', '사랑']"
1701,리버트 디디,9.92,오은지,0,0,0,0,0,1,0,0,1,0,0,0,0,"['소년', '부유', '이드', '드로', '소녀', '불행']"
1702,수상한 레시피,9.9,콤,0,0,0,0,0,0,0,0,1,0,0,0,0,"['동경', '작업']"
1703,차이니즈 봉봉클럽 광저우편,8.34,조경규,0,1,0,0,1,0,0,0,0,0,0,0,0,"['탐방', '중국', '광저우', '세계', '여행', '요리', '미식', '동아리']"
1704,340일간의 유예,9.88,미치,0,0,0,0,0,0,0,0,1,1,0,0,0,"['거절', '사랑']"
1705,언더그라운드 블러드팩,9.84,OZi,0,0,0,0,0,0,1,0,0,0,0,0,0,"['임무', '수행', '생존', '가족']"
1706,완벽한 교실,9.7,오구,0,0,0,0,0,0,0,0,0,1,0,0,1,"['전학', '교실', '엄친', '남매', '중심']"
1707,사랑은 앵초색,9.49,Han\xa0Xu,0,0,0,0,0,0,0,0,1,0,0,0,1,"['앵초', '소년', '소녀']"
1708,오랑캐,9.31,봉수,0,0,0,0,0,1,1,0,0,0,0,0,0,"['사칭', '초짜', '고수', '무림']"
1709,죽기 살기로,9.16,팡이,0,0,0,0,0,0,0,1,0,1,0,0,0,"['침입', '무단', '스토킹', '원한', '애정', '사실']"
1710,겨울밤,9.86,연지,0,0,0,0,0,1,0,0,0,0,0,0,0,"['아람', '동물', '단과', '사건']"
1711,함치르르,9.7,전오랑,0,0,0,0,0,0,0,1,0,0,0,0,0,"['성적', '대학교', '입학']"
1712,고양이 마마님,9.92,마루,0,0,0,0,0,1,0,0,1,0,0,0,0,"['시간', '악연', '굴레', '인연', '지금']"
1713,크로싱 코드,9.7,새들,0,0,0,0,0,1,0,0,1,0,0,0,0,"['육체', '능력', '건달', '성녀']"
1714,고등패왕전기,9.22,이충호,0,0,0,0,0,0,1,0,0,0,0,0,0,"['무신', '왕따', '소년', '전설적', '공생', '사랑', '투쟁']"
1715,하늘에서 떨어진 폴,9.72,김인호,0,0,0,0,0,0,0,1,1,0,0,0,0,"['하늘', '지상', '스토리', '러브']"
1716,"별을 쫓아, 달을 몰아",9.66,묘가r,0,0,0,0,0,0,0,1,1,0,0,0,0,"['정체', '아이', '슬립', '세상', '타임']"
1717,환상을 팝니다,9.9,구름,0,0,0,0,0,1,0,1,0,0,0,0,0,"['조각가', '환상', '탄생', '처음', '천재', '세상']"
1718,나의 밤은 당신의 낮보다 아름답다,8.06,병수씨,1,0,0,0,0,0,0,0,0,1,0,0,0,"['대한민국', '실제', '사건', '모티브', '권력', '실체']"
1719,곤조 스트릿 - 갱스터의 시대,9.57,전상영,0,0,0,0,0,0,1,0,0,0,0,0,0,"['거리', '운서', '파이트']"
1720,11년 후 우리는,9.84,이재이,0,0,0,0,0,0,0,0,1,0,0,0,0,"['이별', '연애', '커플', '결혼']"
1721,영웅의 변수,9.93,정종수,0,0,0,0,0,1,0,1,0,0,0,0,0,"['슈퍼', '청년', '동경', '어로', '시골']"
1722,괜찮은 관계,9.87,김인정,1,0,0,0,0,0,0,0,1,0,0,0,0,"['중인', '연애', '고민', '지원']"
1723,아인슈타인 브릿지,9.32,김민준,0,0,0,0,0,1,0,1,0,0,0,0,0,"['우주', '각자', '평행', '도착', '우주선', '목적']"
1724,애휴,9.93,조금산,0,0,0,0,0,0,0,1,0,0,0,0,0,['남녀']
1725,무신,9.34,류금철,0,0,0,0,0,0,1,1,0,0,0,0,0,"['무신', '삼국지', '시각', '조자룡']"
1726,하면 좋습니까?,9.71,미깡,0,0,0,1,0,0,0,1,0,0,0,0,0,"['언니', '오늘', '결혼', '골치']"
1727,옥탑방 표류기,9.73,봉수,0,0,0,0,0,1,0,1,0,0,0,0,0,[]
1728,헬로 브리,9.94,기기,0,0,0,1,0,0,0,1,0,0,0,0,0,"['단순', '만남', '이상']"
1729,삐꾸래봉,9.87,마영신,0,0,0,0,0,0,0,1,0,0,0,0,0,"['배려', '왕따', '새끼손가락', '우정', '친구']"
1730,연옥학원,9.72,김블루,0,0,0,0,0,1,1,0,0,0,0,0,0,"['심장', '좀비', '기억']"
1731,얌얌숲 당근길 토요요,9.52,김민재,0,0,0,1,0,0,0,0,0,0,0,0,0,"['동물', '이상', '소리']"
1732,저승GO,9.75,최가은,0,0,0,0,0,1,0,0,0,0,0,0,0,"['치열', '저승', '부임', '적응', '냄새', '선생님', '고등학교', '담임', '적응기']"
1733,오리지널 씬2,9.9,강형규,0,0,0,0,0,0,1,0,0,0,0,0,0,"['혁명', '통쾌', '캐릭터', '계속', '귀환', '역대', '절대악', '절대']"
1734,낮은 곳으로,9.78,뿅,0,0,0,0,0,0,0,1,0,0,0,0,0,"['드라마', '자란', '시현', '청춘', '영우', '환경']"
1735,첫사랑은 죽었다,7.84,곽인근,0,0,0,0,0,0,0,1,1,0,0,0,0,"['위기', '첫사랑']"
1736,에스키스,9.9,정썸머,0,0,0,0,0,0,0,1,1,0,0,0,0,"['대생', '사랑', '미대', '시인']"
1737,"안녕, 겨울",9.39,Pluto,0,0,0,0,0,0,0,1,1,0,0,0,0,"['민지', '중학생', '캠퍼스', '사랑꾼', '사랑', '주진', '로맨스', '짝사랑', '마음']"
1738,방랑시인 김삿갓,9.93,제피가루,0,0,0,0,0,0,0,1,0,0,0,0,0,"['판서', '유랑', '고통', '기생', '김삿갓', '조선', '연향', '모략', '영월']"
1739,오만상과 편견,9.83,유현숙,0,0,0,0,0,0,0,1,1,0,0,0,0,"['남녀', '편견', '오해', '로맨스']"
1740,내 땅 한 조각,9.83,"워니, 지우, 록",0,0,0,0,1,1,0,0,0,0,0,0,0,"['한복판', '무언가', '도시', '코믹', '생존', '모자']"
1741,더블캐스팅 2014,9.82,신영우,0,0,0,0,0,0,1,0,0,0,0,0,0,"['신입', '살해', '보스', '조직', '복수', '신흥', '동생', '경찰']"
1742,강도,9.71,강태경,1,0,0,0,0,0,0,0,0,1,0,0,0,"['아귀', '벼랑', '들개']"
1743,절레절레 전래동화,9.86,키몽,0,0,0,0,1,0,0,0,0,0,0,0,0,"['세기', '그동안', '전래', '동화', '지금', '공개']"
1744,이끼,9.86,윤태호,0,0,0,0,0,0,0,0,0,1,0,0,0,"['거부', '시선', '잔혹', '막이', '스릴러', '한국식', '고향', '이유']"
1745,화음의 정원,9.89,오은지,0,0,0,0,0,0,0,0,1,0,0,0,0,"['재능', '장악원', '담당', '정열', '무용', '예능인', '음악', '관청', '궁중']"
1746,동궁왕후,9.53,김정선,0,0,0,0,0,1,0,0,1,0,0,0,0,"['반려', '용신', '소녀', '신기루']"
1747,익명의 독서중독자들,9.92,유희,0,1,0,0,1,0,0,0,0,0,0,0,0,[]
1748,나는 달린다,9.94,이은재,0,0,0,0,0,0,0,1,0,0,0,0,0,"['준수', '드라마', '성장', '유망주', '하늘', '육상']"
1749,어쿠스틱 라이프,9.74,난다,0,0,0,1,1,0,0,0,0,0,0,0,0,"['생활', '에피소드', '공감', '만담', '백배']"
1750,놈들의 도시,9.88,라떼,0,0,0,0,0,0,1,1,0,0,0,0,0,"['지구', '유일', '인류', '도시']"
1751,어둠의 속도,9.76,메이롱,0,0,0,0,0,0,0,0,0,1,0,0,0,"['구원', '아이', '죽여', '사탄']"
1752,스킬,9.71,와자,0,0,0,0,0,0,0,1,0,0,0,0,0,"['기술학교', '문제아', '복기', '학교', '최고', '기술']"
1753,보이지 않는 세계,9.77,팔9,0,0,0,0,0,0,0,0,0,1,0,0,0,"['능력', '부모님', '소년', '초능력', '부모', '원수', '상황', '시체']"
1754,삼각김밥을 까는 법,8.61,홍필,0,0,0,0,1,0,0,1,0,0,0,0,0,"['청춘', '생각', '로맨스', '불행']"
1755,사막의 이방인,9.66,여호경,0,0,0,0,0,0,0,0,1,0,0,0,0,"['두바이', '여행', '사막', '파혼', '왕자']"
1756,화자,9.83,홍작가,0,0,0,0,0,0,0,0,0,1,0,0,0,"['도로', '화제', '밴드', '이후']"
1757,신림동 뱀파이어,9.84,기선,0,0,0,0,0,0,0,1,1,0,0,0,0,"['고시원', '입주', '첫눈', '옆방', '주장', '뱀파이어']"
1758,키몽툰,9.77,키몽,0,0,0,0,1,0,0,0,0,0,0,0,0,"['언어', '유희', '끝판', '드립', '순도']"
1759,너클걸,8.86,유상진,0,0,0,0,0,0,1,0,0,0,0,0,1,"['여동생', '활극', '지대', '파이트', '무법', '복수', '여고생', '스트리트']"
1760,유럽에서 100일,9.77,김지효,0,0,0,0,0,0,0,0,1,0,0,0,0,"['금발', '여행', '유럽', '기차']"
1761,나의 마녀,9.77,MAS,0,0,0,0,0,1,0,0,1,0,0,0,0,"['찰나', '집착', '마녀', '사랑', '영원']"
1762,산신,9.73,김방훈,0,0,0,0,0,1,0,1,0,0,0,0,0,"['요괴', '사건', '마루', '소녀', '전국', '해결', '외모', '신비']"
1763,그림형제 잔혹동화,9.49,Crom,0,0,0,0,0,0,0,1,0,1,0,0,0,"['동화', '형제', '잔혹', '그림', '공개', '비밀']"
1764,은밀하게 위대하게,9.75,Hun,0,0,0,0,0,0,1,0,0,0,0,0,0,"['바보', '임무', '동네', '간첩', '남파', '천재']"
1765,다시피는 꽃,9.92,김용회,0,0,0,0,0,0,0,1,0,0,0,0,0,"['나이', '위안부', '할머니']"
1766,단지 그것 뿐,9.76,김용회,0,0,0,0,0,0,0,1,0,0,0,0,0,"['드라마', '가슴', '아빠', '좌충우돌']"
1767,채홍사,9.86,오트,0,0,0,0,0,0,0,1,1,0,0,0,0,"['채홍사', '생활', '상납', '홍사', '여장']"
1768,트리니티 원더,9.74,박진환,0,0,0,0,0,1,1,0,0,0,0,0,0,"['세계', '판타지', '무협', '브레이커', '고수', '천재', '최강', '마법사']"
1769,위기의 애송이,9.82,진아,0,0,0,1,1,0,0,0,0,0,0,0,0,"['의문', '도박', '신이', '미남', '유혹', '불법', '애송이', '내기']"
1770,붉은 밤의 각인,9.82,지미,0,0,0,0,0,1,0,0,1,0,0,0,0,"['의문', '귀신', '사건', '유혹', '현령', '살인', '소녀', '체질']"
1771,피그말리온 컴플렉스,9.6,문미영,0,0,0,0,0,0,0,0,1,0,0,0,1,"['고아', '삼단', '잠입', '변신', '학교', '소녀', '소매치기', '수저']"
1772,작가의 사생활,9.88,마시멜,0,0,0,1,1,0,0,0,0,0,0,0,0,['사생활']
1773,오늘의 초능력,9.76,WONDER,0,0,0,0,1,1,0,0,0,0,0,0,0,"['불허', '필요', '예측', '초능력', '소녀', '코미디']"
1774,조선남녀상열지사 조작단,9.76,이루다,0,0,0,0,0,0,0,1,1,0,0,0,0,"['조작', '연애', '진실', '사랑']"
1775,리와 구,9.65,남유진,0,0,0,0,0,0,0,1,0,0,0,0,0,['계세']
1776,나우,9.79,박성우,0,0,0,0,0,0,1,0,0,0,0,0,0,"['살인자', '비급', '말살', '오랑']"
1777,고블린로얄,9.66,최훈,0,0,0,0,0,1,1,0,0,0,0,0,0,"['클래', '로얄', '세계']"
1778,강철강,9.78,신영우,0,0,0,0,0,0,1,0,0,0,0,0,0,"['유전자', '철강', '변이', '사건', '이상한', '복수', '상경', '아버지']"
1779,골든왈츠,9.91,세라,0,0,0,0,0,0,0,1,1,0,0,0,0,"['해성', '성장', '아이스댄싱', '사랑', '기적']"
1780,위 아 애니멀스,9.89,우블루,0,0,0,0,0,0,0,1,0,0,0,0,0,"['버스', '동물', '옴니버스', '드라마', '리얼', '각양각색', '야생']"
1781,신무월 : DIVINE,9.52,Sandhill,0,0,0,0,0,1,1,0,0,0,0,0,0,"['과거', '필연', '우연']"
1782,The 윷놀리스트,9.77,김라무,0,0,0,0,0,0,0,1,0,0,0,1,0,"['지배', '정식', '윷판', '자만', '장려상', '리스트', '공모', '종목', '올림픽', '윷놀이', '대전', '수상작']"
1783,천랑열전,9.65,박성우,0,0,0,0,0,0,1,0,0,0,0,0,0,"['모함', '사형', '역적', '연오랑', '유언', '스승']"
1784,인랑:프리퀄,9.77,윤태호,0,0,0,0,0,0,1,0,0,1,0,0,0,"['대립', '사회', '욕망', '폭력', '폭력적', '기관', '권력', '혼란', '통일']"
1785,돗가비 감투,8.26,꽃보리,0,0,0,0,0,1,0,1,0,0,0,0,0,"['공존', '소년', '역사', '성장', '모험', '판타지']"
1786,개밥도토리,9.91,망기,0,0,0,0,1,0,0,1,0,0,0,0,0,"['개가', '개인', '영수']"
1787,김탐정 사용설명서,9.87,이장희,1,0,0,0,0,0,1,0,0,0,0,0,0,"['대한민국', '추적', '탐정', '액션', '보일드', '잔학', '대작', '도시', '하드', '의학', '국제', '기업']"
1788,찬! 평범한 그녀석,9.73,마파밥,0,0,0,0,0,0,1,0,0,0,0,0,1,"['비밀', '달인', '아빠', '마니아']"
1789,벨트 위 벨트 아래,9.67,마영신,0,0,0,0,1,0,0,1,0,0,0,0,0,"['후반', '가슴', '사랑', '이태원']"
1790,남동공단,9.83,마영신,0,0,0,0,1,0,0,1,0,0,0,0,0,"['공장', '사회', '생활', '인천', '사회생활', '공단', '굉음', '체험', '남동', '먼지']"
1791,블레이드2 : THE RETURN OF EVIL,9.91,임리나,0,0,0,0,0,1,1,0,0,0,0,0,0,"['일대기', '영웅', '세상', '악마']"
1792,곱게 자란 자식,9.9,이무기,0,0,0,0,0,0,0,1,0,0,0,0,0,"['잔인', '시골', '소녀']"
1793,귀신이면 어때,9.12,규규,0,0,0,0,0,1,0,0,1,0,0,0,0,"['처녀', '대책', '귀신', '낭만', '로맨스']"
1794,바토리의 아들,9.89,영광,1,0,0,0,0,0,0,0,0,1,0,0,0,"['드라마', '가상', '배경', '여인', '유럽', '비밀', '서스펜스']"
1795,엄마들,9.8,마영신,0,0,0,0,0,0,0,1,0,0,0,0,0,"['엄마', '연애', '노동', '목소리']"
1796,스틸레인2 : 강철비,9.82,브리헴,0,0,0,0,0,0,1,0,0,1,0,0,0,"['한반도', '영화', '개봉', '강철', '전쟁', '위기', '스릴러', '첩보', '타개']"
1797,TEN,9.84,이은재,0,0,0,0,0,0,1,0,0,0,0,0,1,['지옥']
1798,셜록 옴므,9.77,나인픽셀즈,0,0,0,0,0,0,0,0,1,0,0,0,0,"['세기', '리프', '사건', '해결', '타임']"
1799,불티,9.82,오른손,0,0,0,0,0,0,1,0,0,1,0,0,0,"['액션', '테러범', '사기꾼', '스릴러', '연쇄', '폭탄', '사기', '중심']"
1800,연애싫어,9.88,이겨울,0,0,0,0,1,0,0,0,0,0,0,0,1,"['일상', '공감', '다양', '여고생', '연애', '코믹', '하연']"
1801,궁 안에 살다,9.59,김숙,0,0,0,0,0,1,0,0,1,0,0,0,0,"['여대생', '빈궁', '마마', '번개', '여대']"
1802,4버디스,9.65,박진환,1,0,0,0,0,0,0,0,0,0,0,0,0,"['트립', '버디', '랜드', '로드']"
1803,가슴도 리콜이 되나요,9.71,아실,0,0,0,0,0,1,0,0,1,0,0,0,0,"['쟁취', '연애', '사랑', '진정']"
1804,사장님과 금비서,9.77,KIRTY,0,0,0,0,0,0,0,1,1,0,0,0,0,"['사고', '초대형', '회사', '사장님', '로맨스', '사장', '하룻밤']"
1805,가내수공업 Ent.,9.78,참치캔,0,0,0,0,0,0,0,0,1,0,0,0,0,"['섹시', '아이', '걷기', '프로젝트', '병풍', '멤버', '꽃길', '조력자']"
1806,화요일에 죽는 남자,9.53,바른,0,0,0,0,0,0,0,1,0,1,0,0,0,"['미스터리', '도시']"
1807,도깨비훈장,9.93,박혜림,0,0,0,0,0,0,0,1,0,0,0,0,0,['도깨비']
1808,죽고 못사는 연애,9.68,그리온,0,0,0,0,0,1,0,0,1,0,0,0,0,"['연애', '안달']"
1809,구리의 구리구리,9.94,구리,0,0,0,1,1,0,0,0,0,0,0,0,0,"['구리', '일상', '좌충우돌', '논픽션']"
1810,정육면체의 비밀,9.83,박성재,0,0,0,0,0,0,0,0,0,1,0,0,0,"['범죄자', '사건', '명의', '천재', '수사관']"
1811,썸머 테이스트,9.74,북항,0,0,0,0,0,0,0,0,1,0,0,0,1,"['고민', '소년', '농구', '여고생', '사랑', '현지']"
1812,내 자식의 사생활,9.79,보름,0,0,0,0,0,0,0,1,0,0,0,0,0,"['고민', '갈등', '부모', '사생활', '자식']"
1813,19세기말 비망록,9.88,DUNDUN,0,0,0,0,0,0,0,0,1,1,0,0,0,"['금단', '세기', '격돌', '오라버니', '종교', '과학', '사랑', '영국']"
1814,풍월주 - 바람과 달의 주인,9.74,909,0,0,0,0,0,0,0,1,1,0,0,0,0,"['죽마고우', '신라', '기생', '고우', '사랑', '친구', '죽마', '최고']"
1815,온더힐,9.71,장어진,0,0,0,0,0,0,0,1,1,0,0,0,0,"['대부분', '일과', '사랑', '코미디']"
1816,파워맨,9.62,임강혁,0,0,0,0,1,0,0,0,0,0,0,0,0,"['우먼', '파워', '친구', '스토리']"
1817,2018 다음웹툰 능력고사,9.91,DAUM WEBTOON,0,0,0,0,1,0,0,0,0,0,0,0,1,"['지급', '발표', '기간', '정답', '학생', '시험']"
1818,허식당,9.62,선이,0,0,0,0,0,0,0,1,1,0,0,0,0,"['식객', '슬립', '드라마', '요리', '조선', '진정', '타임']"
1819,연민의 굴레,9.9,재활용,0,0,0,0,0,0,0,0,0,0,0,0,1,"['일상', '스펙타클', '학원', '라이프', '기력', '친구', '무기력']"
1820,초월(初月),9.91,이현세,0,0,0,0,0,1,0,1,0,0,0,0,0,"['일제', '스님', '그림', '현세', '거장', '초월', '대항']"
1821,매분구,9.9,도약,0,0,0,0,0,0,0,1,1,0,0,0,0,"['아티스트', '부탁', '당대', '메이크업', '기생', '출장', '분구', '조선', '최고']"
1822,파파 투 파파,9.82,YEMMINE,0,0,0,0,0,0,0,1,1,0,0,0,0,"['육아', '마스터', '초보', '가족', '로맨스']"
1823,아수라발발타,9.43,현마담,0,0,0,0,1,0,0,1,0,0,0,0,0,"['미스터리', '본의', '신내림']"
1824,공대에는 아름이가 없다,8.93,라라시스터,0,0,0,0,1,0,0,1,1,0,0,0,0,"['공대', '라이프', '좌충우돌', '캠퍼스']"
1825,내 사랑 마리아,9.79,기선,0,0,0,0,0,0,0,1,1,0,0,0,0,"['인생', '성당', '바닥', '밑바닥']"
1826,가랑가랑,9.93,이이영,0,0,0,0,0,0,0,1,1,0,0,0,0,['선택']
1827,총수,9.59,정기영,0,0,0,0,0,0,1,1,0,0,0,0,0,"['야망', '적자생존', '사랑', '열정', '기업', '사나이']"
1828,혼자를 기르는 법,9.92,김정연,0,0,0,1,0,0,0,0,0,0,0,0,0,[]
1829,이프 1,9.63,양광민,0,0,0,0,0,0,1,0,0,1,0,0,0,"['위협', '소년', '적응', '생명', '소녀', '세상', '급변']"
1830,이프 2,9.44,김영민,0,0,0,0,0,0,1,0,0,1,0,0,0,"['소년', '세계', '위기', '소녀', '세상']"
1831,사컷 : 죽음의 소리,6.76,유난희,1,0,0,0,0,0,0,0,0,1,0,0,0,"['일상', '공포']"
1832,내가 안했어요,9.84,김준석,0,0,0,0,0,0,0,0,0,1,0,0,0,"['변호사', '법정', '살인범', '스릴러', '살인', '연쇄', '검사', '천재', '밀실']"
1833,그 녀석이 찾아왔다,9.52,HYO/김진희,0,0,0,0,0,0,0,1,1,0,0,0,0,"['사랑', '우정']"
1834,두번째 집,9.93,우현,0,0,0,0,0,0,0,1,0,0,0,0,0,[]
1835,라그나로크,9.8,서재일,0,0,0,0,0,1,1,0,0,0,0,0,0,"['게임', '브랜드', '나로', '진혼곡']"
1836,독고 플라워,9.67,홍솔민,0,0,0,0,0,0,1,0,0,0,0,0,1,"['하나', '다이', '산고']"
1837,독고 리와인드,9.92,백승훈,0,0,0,0,0,0,1,0,0,0,0,0,1,"['싸움', '에피소드', '우정', '종일', '과거', '인방']"
1838,독고,9.8,백승훈,0,0,0,0,0,0,1,0,0,0,0,0,1,"['왕따', '죽음', '박살', '전투', '일진회']"
1839,통 3부 유아독존,9.78,백승훈,0,0,0,0,0,0,1,0,0,0,0,0,1,"['자가', '어둠', '이정', '세계', '유아', '나락', '독존']"
1840,통 2부 비밀,9.88,백승훈,0,0,0,0,0,0,1,0,0,0,0,0,1,"['무엇', '이정']"
1841,통 1부,9.79,백승훈,0,0,0,0,0,0,1,0,0,0,0,0,1,"['서울', '우의', '이정', '진출', '부산', '명예', '학업', '사랑', '주먹', '과거', '전설', '중심']"
1842,아이쇼핑,9.85,류가명,1,0,0,0,0,0,0,1,0,1,0,0,0,"['살해', '부모', '아이', '복수']"
1843,매생이가 나타났다,9.9,오청,0,0,0,0,1,0,0,0,1,0,0,0,0,"['여대생', '생활', '우수', '파란만장', '하숙', '공모', '연애', '대전', '초록색', '도형', '수상작', '여대']"
1844,어른의 취미,9.62,장어진,0,0,0,0,0,0,0,1,0,0,0,0,0,"['백수', '상수', '드라마', '성장', '재벌', '장난감']"
1845,금빛도깨비 쿠비,9.91,김성주,0,0,0,0,0,1,0,0,0,0,0,0,0,"['엄마', '도깨비', '세계', '소녀', '비밀']"
1846,네크로맨서,9.88,홍작가,0,0,0,0,0,1,1,0,0,0,0,0,0,"['범죄', '빈곤', '사투', '구원', '복수']"
1847,옥탑의 전설,9.87,우주용,0,0,0,0,1,0,0,1,1,0,0,0,0,"['다운', '주세', '자취방', '옥탑', '극한', '생존']"
1848,가딩 : 그녀는 나의 웬수,7.76,BUDDY,0,0,0,0,1,1,0,0,0,0,0,0,0,"['모태', '수호신', '탈출', '방해', '연애', '친구', '솔로', '다사다난']"
1849,대새녀의 메이크업 이야기,9.64,여은,0,1,0,0,0,0,0,0,1,0,0,0,0,"['화장', '새내기', '메이크업', '로맨스', '아의']"
1850,마귀,9.75,한큰빛,0,0,0,0,0,0,0,0,0,1,0,0,0,"['의문', '사건', '살인', '마귀', '추적']"
1851,실,9.93,보리,0,0,0,0,0,0,0,0,1,0,0,0,0,[]
1852,고등학쌤,9.75,백영민,0,0,0,0,0,0,0,1,0,0,0,0,1,"['캠프', '영혼', '사건', '겨울', '선생님', '청소년']"
1853,대나무숲,9.58,고도슴,0,0,0,0,0,0,0,1,0,1,0,0,0,"['카메라', '대나무']"
1854,브릿지,9.92,강풀,0,0,0,0,0,0,1,1,0,0,0,0,0,"['강풀', '액션', '한국형', '시즌', '어로']"
1855,미씽 : 비 오는 날마다,9.7,그린비,0,0,0,0,0,0,0,0,0,1,0,0,0,"['타깃', '살인마', '살인', '연쇄', '쌍둥이', '자매']"
1856,월령관 살인사건 ,9.85,곡,0,0,0,0,0,0,0,1,0,1,0,0,0,"['의문', '저택', '서양식', '사건', '살인']"
1857,공방의 마녀,9.73,박소희,0,0,0,0,0,0,0,1,1,0,0,0,0,"['수호', '저주', '가문', '괴상']"
1858,마이 러블리 투투,9.66,고방,0,0,0,0,0,0,0,1,0,0,0,0,0,"['박동', '드라마', '반려', '좌충우돌', '개그']"
1859,사랑스러운 복희씨,9.9,김인정,0,0,0,0,0,0,0,1,1,0,0,0,0,"['탈출기', '조금', '짝사랑', '사랑']"
1860,게임회사 여직원들,9.58,마시멜,0,0,0,1,0,0,0,0,0,0,0,0,0,"['게임', '여직원']"
1861,눈을 감다,9.73,이승환,0,0,0,0,0,0,0,1,0,1,0,0,0,"['연주', '현우', '음악', '맹인', '현실', '지하철']"
1862,MR!P : 어둠의 씨앗,9.75,이지에이 EGA,0,0,0,0,0,1,0,0,0,0,0,0,0,"['지배', '영웅', '마법', '혼란', '세상']"
1863,풍뎅이뎅이,9.73,주니쿵,0,0,0,1,1,0,0,0,0,0,0,0,0,['풍뎅이']
1864,더스크 하울러,9.67,크루,0,0,0,0,0,1,0,0,0,0,0,0,0,"['지배', '막장', '게임', '트리', '밸런스', '아가', '암흑', '이단', '종족', '진영']"
1865,라디오 갤럭시,9.82,라자루스,0,0,0,0,0,1,0,0,0,0,0,0,0,"['라디오', '우주', '기상천외', '무대', '활극', '세계', '방송', '마음']"
1866,나빌레라,9.95,지민,0,0,0,0,0,0,0,1,0,0,0,0,0,"['나이', '도전', '방황']"
1867,케덴독,9.87,박희정,0,0,0,0,0,0,0,1,1,0,0,0,0,"['방식', '각자', '로맨틱', '고양이', '영우', '사랑', '강아지', '코미디', '마음']"
1868,저택의 주인,9.58,디디,1,0,0,0,0,0,0,0,0,1,0,0,0,"['아이', '분위기', '급변', '저택']"
1869,무장,9.7,김철현 ,0,0,0,0,0,1,1,0,0,0,0,0,0,"['무신', '무장', '노비', '영웅', '정권']"
1870,블랙 마리아,9.19,yami ,0,0,0,0,0,1,1,0,0,0,0,0,0,"['수난기', '외계인', '수난', '재난', '대처', '경찰', '지구인']"
1871,살아말아,9.91,고은,0,0,0,0,0,1,0,0,1,0,0,0,0,"['생활', '노부부', '사랑', '결혼']"
1872,바퀴벌레,9.74,조금산,1,0,0,0,0,0,0,0,0,1,0,0,0,"['바퀴벌레', '생존', '최적화']"
1873,인천상륙작전,9.92,윤태호,0,0,0,0,0,0,0,1,0,0,0,0,0,"['해방', '격동기', '전쟁', '한국']"
1874,고교대장부,7.72,김도헌,0,0,0,0,1,0,0,0,0,0,0,0,1,"['주먹', '왕년']"
1875,아띠아띠,9.92,쵸밥,0,0,0,1,0,0,0,0,0,0,0,0,0,['사랑']
1876,신수의 주인,9.64,제브,0,0,0,0,0,1,0,0,0,0,0,0,0,"['대륙', '검사', '신랑감', '최고', '대장장이']"
1877,퍼펙트 게임,9.93,장이,0,0,0,0,0,0,0,0,0,0,0,1,0,"['최초', '치열', '사회', '직장인', '대한민국', '야구인', '퍼펙트', '게임', '사회인', '야구']"
1878,애완견의 법칙,9.79,도담,0,0,0,0,0,0,0,1,1,0,0,0,0,"['우주', '애완견', '사랑', '태령', '가족']"
1879,피치핏치핑크,9.68,박가영,0,0,0,0,0,0,0,0,1,0,0,0,1,"['모습', '경기', '야구', '청춘']"
1880,기적의 앱스토어,9.56,삼각설탕,0,0,0,0,0,1,0,0,0,0,0,0,0,"['스토어', '기적', '희망']"
1881,백 투 더 하이틴,9.8,홍슬,0,0,0,0,0,0,0,0,1,0,0,0,1,"['여대생', '여대', '위장', '여고생', '좌충우돌', '로맨스', '취학']"
1882,달콩분식,8.47,수박,0,0,0,0,0,0,0,1,1,0,0,0,0,"['소동', '연애', '분식집']"
1883,어떤 거짓말,9.36,이세형,0,0,0,0,0,0,0,1,1,0,0,0,0,"['위선', '사랑', '이기적', '이기']"
1884,웹툰작가 살인사건,9.91,DAUM WEBTOON,0,0,0,0,0,0,0,0,0,1,0,0,0,"['죽인', '용의자', '범인']"
1885,음양사,9.91,박형준,0,0,0,0,0,1,1,0,0,0,0,0,0,"['소년', '조우', '마을', '병사', '위험', '메이', '음양사', '설봉', '무인', '기억']"
1886,일진의 크기,9.56,주명,0,0,0,0,0,0,0,1,0,0,0,0,1,"['파이널', '일진', '크기', '화제', '마지막']"
1887,가디언즈 오브 갤럭시 :  죽음의 보석,9.85,임강혁,0,0,0,0,0,1,1,0,0,0,0,0,0,"['우주', '콜라', '지구', '다음']"
1888,잉어왕,8.48,Peter Mon,0,0,0,0,1,0,0,0,0,0,0,0,0,"['서울', '독야청청', '살이', '싱글', '야청', '행복']"
1889,장산범 : 거부할 수 없는 목소리,9.85,GAR2,0,0,0,0,0,0,0,0,0,1,0,0,0,['전화']
1890,썸머드림,9.35,복숭아,0,0,0,0,0,0,0,1,0,0,0,1,0,"['소년', '특별', '성장기']"
1891,마샬아츠,7.67,강지윤,0,0,0,0,0,0,1,0,0,0,0,1,0,"['스포츠', '격투기', '열혈', '전학', '문제아', '민도', '도전', '청춘', '종합', '부산']"
1892,궁상가족,9.81,김다정,0,0,0,0,1,0,0,0,0,0,0,0,0,"['우여곡절', '궁상', '구질', '가족']"
1893,도플,9.71,현철,0,0,0,0,0,1,0,1,0,0,0,0,0,"['동안', '지금']"
1894,랫츠,9.74,고래우,0,0,0,0,0,0,0,1,0,1,0,0,0,"['사고', '사건']"
1895,로렌스를 구해줘,9.91,강형규,0,0,0,0,0,0,0,1,0,0,0,0,0,"['연회장', '향락', '재벌']"
1896,아 지갑놓고나왔다,9.92,미역의효능,0,0,0,0,0,0,0,1,0,0,0,0,0,"['죽음', '엄마', '오늘', '수상작', '이후']"
1897,못 잡아먹어 안달,9.88,센개,0,0,0,1,1,0,0,0,0,0,0,0,0,"['쌍둥이', '대수', '일상', '남매']"
1898,용이라고 불러줘,9.61,분홍곰,0,0,0,0,0,1,0,1,0,0,0,0,0,"['복수', '사랑', '빙자', '이무기']"
1899,Dr.브레인,9.92,홍작가,0,0,0,0,0,0,0,0,0,1,0,0,0,"['천재적', '사건', '접속', '천재', '과학자']"
1900,에비츄,9.54,EBICHU,0,0,0,0,1,0,0,0,0,0,0,0,0,"['까망', '소한', '치즈', '아이스크림']"
1901,당신의 소원은 무엇입니까,9.88,채덕,0,0,0,1,0,0,0,1,0,0,0,0,0,"['힐링', '소원', '신령', '나무', '판타지', '좌충우돌', '소녀', '여운']"
1902,트레져헌터3,9.7,허견,0,0,0,0,0,1,1,0,0,0,0,0,0,"['연금술', '술사', '연단', '트레', '전쟁', '오픈', '사의', '최종']"
1903,Rule makers,9.67,김철현 ,0,0,0,0,0,0,1,1,0,0,0,0,0,"['심부름센터', '무장', '요원', '심부름', '센터', '비밀']"
1904,중인클럽,9.89,해송,0,0,0,0,1,0,0,1,0,0,0,0,0,"['이름', '역사', '중인', '시대', '조선', '인방']"
1905,술꾼도시처녀들,9.7,미깡,0,0,0,1,0,0,0,0,0,0,0,0,0,"['경고', '음주', '일상', '본격', '술꾼', '건강']"
1906,애프터눈 히어로즈,9.63,구자윤,0,0,0,0,0,1,1,0,0,0,0,0,0,"['비밀', '한국형', '어로', '소녀']"
1907,키스앤코리아,9.9,김나임,0,0,0,0,0,0,0,1,0,0,0,0,0,"['영국인', '여행', '엘리자베스', '조선', '미지', '키스', '화가', '나라']"
1908,결혼복권,9.66,다호,0,0,0,0,1,0,0,1,0,0,0,0,0,"['프로젝트', '서민', '리스', '탄생', '복권', '노블리스', '오브', '진정', '정부', '시책']"
1909,낯선 거울,9.28,안정은,0,0,0,0,0,0,0,1,0,1,0,0,0,['내가']
1910,부암동 복수자 소셜클럽,9.91,사자토끼,0,0,0,0,0,0,0,1,0,0,0,0,0,"['장려상', '공모', '복수', '대전', '수상', '특별', '온라인']"
1911,"아이오, 아이티!",9.52,네온비,0,0,0,0,1,0,0,0,0,0,0,0,0,"['이용', '소원', '캐릭터', '아이티', '개발', '아이오', '천재', '과학자', '부자']"
1912,70,9.57,김재희,0,0,0,0,0,0,1,0,0,0,0,0,0,"['최초', '극화', '조국', '정전', '이후', '나라']"
1913,"어쩌면, 사랑",9.79,모우,0,0,0,0,0,0,0,0,1,0,0,0,1,"['무엇', '정의', '고민', '석훈', '고등학생', '선생님', '사랑', '담임', '감정']"
1914,빅토리아처럼 감아차라,9.57,유희,0,0,0,0,1,0,0,0,0,0,0,1,0,"['대표팀', '방랑자', '축구', '위기', '축구계', '구세주', '등극', '구연산']"
1915,아스팔트 정원,5.05,이원진,0,0,0,0,0,0,0,0,1,0,0,0,0,"['예전', '소녀', '분투', '지위']"
1916,올드독의 맛있는 제주일기,9.72,올드독,0,0,0,1,1,0,0,0,0,0,0,0,0,"['향토', '음식', '제주', '소개']"
1917,파도를 걷는 소녀,9.91,고아라,0,0,0,0,0,0,0,1,1,0,0,0,0,"['파도', '서핑', '치유', '청춘', '선물', '사랑']"
1918,조상님이 돌아왔다,9.86,WONDER,0,0,0,0,0,1,0,1,0,0,0,0,0,"['실수', '조상', '조상님']"
1919,신시,9.82,정은숙,0,0,0,0,0,1,1,0,0,0,0,0,0,"['시간', '지배', '동물', '십이지', '세상']"
1920,Last Test,9.02,근호,0,0,0,0,0,1,0,1,0,0,0,0,0,"['목표', '행성']"
1921,아시안 하이웨이,7.23,최인환,0,0,0,0,0,0,1,1,0,0,0,0,0,"['사투', '대륙', '처절', '희망']"
1922,답은 이미 정해져있다,9.7,팀 21세기 삼월이,0,0,0,0,1,0,0,0,1,0,0,0,0,"['인생', '장애', '업체', '장애자', '효자손', '시한', '결정', '취직', '마무', '레이션', '세상']"
1923,19년 뽀삐,9.85,마영신,0,0,0,0,0,0,0,1,0,0,0,0,0,"['장발', '머리', '걸이']"
1924,뷰티풀 라이어,9.54,안재서,0,0,0,0,0,0,0,1,1,0,0,0,0,"['거짓말', '외모', '대신']"
1925,세자전,9.73,정이리이리,0,0,0,0,1,0,0,0,0,0,0,0,0,"['치열', '세자', '경쟁', '자식', '천운', '시대', '귀한', '조선', '한집']"
1926,그놈은 여고생,9.6,백영민,0,0,0,0,1,0,0,0,0,0,0,0,0,"['고등학생', '치마', '여학생', '최강', '이유']"
1927,놀러와 마이홈,9.86,만물상,0,0,0,0,0,1,0,0,0,0,0,0,0,"['마이', '로맨스', '일초', '공방']"
1928,아담,9.54,라떼,0,1,0,0,0,0,0,0,0,0,0,0,0,"['방법', '예고', '위험']"
1929,페이머스맨,9.46,유비,0,0,0,0,0,0,0,1,0,0,0,0,0,"['유명인', '아이', '뺑뺑이', '안경', '존재', '무대']"
1930,"회색 방, 소녀",9.77,봉봉,0,0,0,0,0,0,0,1,0,1,0,0,0,"['이름', '죽음', '아이', '비극', '소녀']"
1931,소년 가라사대,9.83,민홍,0,0,0,0,0,0,0,1,0,0,0,0,0,"['소년', '사랑', '친구', '소녀']"
1932,무균격리구역 AA아파트,8.63,미스비글,0,0,0,0,0,0,0,1,0,1,0,0,0,"['대한민국', '청년', '수수께끼', '유행', '결핍증', '면역', '위기', '아파트', '불명']"
1933,여우는 같은 덫에 두 번 걸리지 않는다,9.87,박흥용,0,0,0,0,0,0,0,1,0,0,0,0,0,"['광장', '아마추어', '무선사']"
1934,밤의 베란다,9.83,이제,0,0,0,0,0,0,0,0,1,0,0,0,0,"['절망', '이해']"
1935,부탁해요 이별귀,9.79,하나,0,0,0,0,0,1,0,0,1,0,0,0,0,"['이별', '관장', '연인', '귀신', '성공', '특별', '브레이', '커플']"
1936,보에,9.46,서기진,0,0,0,0,0,0,0,1,0,0,0,0,0,"['머리', '천장', '성공', '의기투합', '벤처', '유리']"
1937,웰컴 투 고스트시티,9.72,라떼,0,0,0,0,0,1,0,1,0,0,0,0,0,"['엘리트', '서울시', '구로', '파견', '귀신', '임무', '공무원', '특별', '수행', '자치']"
1938,캐셔로,9.06,team befar,0,0,0,0,1,0,0,1,0,0,0,0,0,"['오늘', '빈곤', '남매', '수상작']"
1939,오빠의 향기,9.72,복슬,0,0,0,0,0,0,0,1,1,0,0,0,0,"['어른', '오빠', '차이']"
1940,사랑하는 나의 엄마에게,9.96,안나보니따,0,0,0,1,0,0,0,0,0,0,0,0,0,"['편지', '엄마', '아기', '사랑']"
1941,하푸하푸,9.24,꿀때징,0,0,0,1,1,0,0,0,0,0,0,0,0,"['보세', '부족', '애교']"
1942,국민사형투표,9.79,정이품,0,0,0,0,0,0,0,0,0,1,0,0,0,"['투표', '문자', '도착', '선택', '국민', '사형']"
1943,멈춰있는 동안에,8.7,박우진,0,0,0,0,0,1,0,1,0,0,0,0,0,"['우수', '공모', '대전', '동안', '수상작']"
1944,던전오브다단계,9.75,데몬제이,0,1,0,0,0,0,0,0,0,0,0,0,0,['악몽']
1945,학교를 떠나다,8.7,버선버섯,0,0,0,1,0,0,0,1,0,0,0,0,0,"['일상', '자퇴', '고교', '행복']"
1946,우리 집에 사는 남자,9.65,유현숙,0,0,0,0,0,0,0,1,0,0,0,0,0,"['이웃집', '드라마', '미남', '사랑', '호구', '원작자']"
1947,지구방위연구소,9.54,니나노머신,0,0,0,0,1,0,0,0,0,0,0,0,0,"['퍼레이드', '지구', '수호', '임무', '연구소', '개그']"
1948,더 헌터,9.18,이태훈,0,0,0,0,0,0,1,0,0,0,0,0,0,"['왜군', '임진왜란', '등산', '처절', '게릴라', '혈투']"
1949,죽어 마땅한 자,9.41,지뚱,0,0,0,0,0,0,0,0,0,1,0,0,0,['소리']
1950,양말도깨비,9.85,만물상,0,0,0,0,0,1,0,0,1,0,0,0,0,"['도깨비', '양말']"
1951,아빠는 16세,8.11,서랍천사,0,0,0,0,1,0,0,0,0,0,0,0,0,"['완벽', '외계인', '이상']"
1952,백조만화방,9.23,김민욱,0,0,0,0,0,0,0,1,1,0,0,0,0,"['메세지', '출판', '준비', '중인', '취업', '전달', '희망']"
1953,계마로의 블로그,9.73,나날,0,0,0,1,0,0,0,0,0,0,0,0,0,"['분과', '기와', '하우스', '대명사']"
1954,생존인간,9.74,디디,0,0,0,0,0,0,0,0,0,1,0,0,0,"['학교', '유일', '안식처']"
1955,집떠난 개고생,7.84,만자기,0,0,0,0,0,0,0,1,0,0,0,0,0,"['남녀', '여행']"
1956,잉어왕의 2030 남자 리얼 라이프,8.78,Peter Mon,1,0,0,1,1,0,0,0,0,0,0,0,0,"['모두', '너와']"
1957,청춘극장,9.87,이은재,0,0,0,0,0,0,0,1,0,0,0,0,0,"['드라마', '다양', '청춘', '장르']"
1958,별신마을 각시,9.83,류성곤,0,0,0,0,0,1,0,0,0,0,0,0,0,"['요괴', '마을', '별신', '모험', '세상']"
1959,마야비,8.14,Greenbi ,0,0,0,0,0,0,1,0,0,0,0,0,0,"['비의', '봉인', '전쟁', '마지막', '마야', '유타']"
1960,[특집] 15인의 반전만화,8.84,DAUM WEBTOON,0,0,0,0,1,0,0,1,0,0,0,0,0,"['내가', '스타일', '대반']"
1961,스타워즈 : 깨어난 포스 그 이전의 이야기,9.8,홍작가,0,0,0,0,0,1,1,0,0,0,0,0,0,"['우주', '서사시', '부작', '스타워즈', '시리즈', '원작', '최고']"
1962,오버 스팀,9.2,서윤교,0,0,0,0,0,1,1,0,0,0,0,0,0,"['궁극', '제국', '전쟁', '에너지원', '처절']"
1963,장기대출,8.55,GAR2,0,0,0,0,0,0,0,0,0,1,0,0,0,"['장기', '대출']"
1964,아유고삼,9.65,팀 양스마일,0,0,0,0,0,0,0,1,0,0,0,0,1,"['대학', '한번', '오늘', '입시']"
1965,스타캣의 힐링툰,9.43,박정아,0,0,0,1,0,0,0,0,0,0,0,0,0,['스타']
1966,감염,8.51,종헌,0,0,0,0,0,0,1,0,0,1,0,0,0,"['광기', '도시', '푸른빛', '처절', '생존', '싸움']"
1967,루드비코의 움짤 일상,9.33,DAUM WEBTOON,0,0,0,1,0,0,0,0,0,0,0,0,0,"['일상', '토끼', '매력']"
1968,루리웹 괴담썰,8.61,DAUM WEBTOON,0,0,0,0,0,0,0,0,0,1,0,0,0,"['공포', '괴담', '자작', '기한']"
1969,달세즈,9.73,세라,0,0,0,0,0,1,0,0,1,0,0,0,0,"['소년', '당선작', '리그']"
1970,설련화,8.51,참치캔,0,0,0,0,0,1,0,0,1,0,0,0,0,"['천년', '사랑']"
1971,2015 동물농장,9.94,한재준,0,0,0,1,0,0,0,0,0,0,0,0,0,['동물']
1972,아메리칸 유령잭,9.81,안정은,0,0,0,0,0,0,0,0,1,1,0,0,0,"['유령', '귀신', '도전', '고은', '하우스', '세상']"
1973,여기 고수 추가요!,3.4,흑석,0,0,0,0,1,0,1,0,0,0,0,0,0,"['고수', '가까이', '일상']"
1974,잡초 이야기 : LIVE,9.37,정이리이리,0,0,0,0,1,0,0,0,0,0,0,0,0,[]
1975,무(武)림수사대2,8.49,이충호,0,0,0,0,0,1,1,0,0,0,0,0,0,"['수사대', '운명', '강호', '시즌', '재림', '사투', '무림']"
1976,치삼만화,9.05,치삼,0,0,0,0,1,0,0,0,0,0,0,0,0,"['웃대', '전설', '다음', '입성']"
1977,50픽셀 데이즈,9.39,구슬,0,0,0,0,0,0,0,1,1,0,0,0,0,"['일상', '게임', '성장', '청춘', '좌충우돌', '로맨스', '코미디']"
1978,꽃드림,9.57,팀 샐러드레씽,0,0,0,0,0,1,1,0,0,0,0,0,0,"['화로', '황폐화', '미래', '전쟁', '사막', '꽃집']"
1979,타고난 사람들,9.6,맥퀸스튜디오,0,0,0,0,0,0,0,1,1,0,0,0,0,"['무엇', '살기']"
1980,점핑걸,9.58,우주용,0,0,0,0,0,0,0,0,1,0,0,0,0,"['현대판', '엽기', '마녀', '사냥', '생존']"
1981,마늘오리무중,9.77,김용환,0,0,0,0,1,0,0,0,0,0,0,0,0,['무엇']
1982,용비개천가,9.32,문미영,0,0,0,0,0,1,0,1,0,0,0,0,0,"['개천', '무미건조', '좌충우돌', '소녀', '거지', '지용']"
1983,아메리칸 유령잭 : 무빙툰,9.77,안정은,0,0,0,0,0,0,0,1,1,0,0,0,0,"['유령', '귀신', '사랑', '뮤지션', '로맨스', '천재']"
1984,친구엄마,8.48,최호진,0,0,0,0,0,0,0,1,0,0,0,0,0,[]
1985,달콤쌀쌀한 신혼부부,9.67,난다,0,0,0,1,0,0,0,0,0,0,0,0,0,"['교육', '신혼부부', '브랜드', '에피소드', '수산', '식품', '문화', '농림', '정보원']"
1986,[PC개편특집] 달라진 그녀석,9.78,DAUM WEBTOON,0,0,0,0,1,0,0,0,0,0,0,0,0,['매력']
1987,조난! 에로로,9.79,라라시스터,0,0,0,0,1,0,0,0,0,0,0,0,0,"['저돌', '당황', '저돌적', '흥분']"
1988,물빛에 빠져죽다,7.38,윰윰,0,0,0,0,0,1,0,0,1,0,0,0,0,"['시간', '선택', '모두', '행복']"
1989,잉여인생,9.66,철수,0,0,0,1,0,0,0,0,0,0,0,0,0,"['일상', '잉여', '난무', '시대', '포기', '인물']"
1990,귀신,9.67,장작,0,0,0,0,0,0,0,0,0,1,0,0,0,['신이']
1991,셜록 : 여왕폐하의 탐정 2,9.54,곡,0,0,0,0,0,1,0,0,0,0,0,0,0,"['형님', '세계', '분투', '명화', '도난', '세계적', '마피아']"
1992,무빙,9.77,강풀,0,0,0,0,0,0,1,1,0,0,0,0,0,"['소년', '부모', '간직', '고등학생', '소녀', '성장기', '비밀']"
1993,묘진전,9.89,젤리빈,0,0,0,0,0,1,0,0,0,0,0,0,0,['하늘']
1994,치삼만화 더빙툰,9.83,소통 스튜디오,0,0,0,0,1,0,0,0,0,0,0,0,0,['삼만']
1995,하푸하푸 더빙툰,9.66,소통 스튜디오,0,0,0,1,1,0,0,0,0,0,0,0,0,"['더빙', '시리즈']"
1996,가족의 초상,8.4,김성주,0,0,0,0,0,0,0,1,0,0,0,0,0,"['행운', '필요', '위로', '행복']"
1997,들숨날숨,9.06,와자,0,0,0,0,0,1,0,0,0,0,0,0,0,['죽음']
1998,지하철도의 밤,9.63,윤필,0,0,0,1,0,0,0,1,0,0,0,0,0,"['서울', '방황', '지하철', '중심']"
1999,파인,9.84,윤태호,0,0,0,0,0,0,0,1,0,0,0,0,0,"['범죄자', '근면', '앞바다', '신안', '성실', '도굴', '보물', '악당']"
2000,하윤의 죄,9.77,이림,1,0,0,0,0,0,0,0,0,1,0,0,0,"['소년', '동급생', '형사', '스토리', '충격', '추격']"
2001,연애가 제일 쉬웠어요,9.59,참치캔,0,0,0,0,1,0,0,0,1,0,0,0,0,"['말썽', '뒷산', '호랑이']"
2002,새나라의 어린이들,9.81,골판지,0,0,0,1,0,0,0,0,0,0,0,0,0,"['인생', '어른']"
2003,하숙집 도로시,9.7,환상거북,0,0,0,0,0,1,1,0,0,0,0,0,0,"['하숙집', '동화', '주인공']"
2004,왈퐈,9.77,강형규,0,0,0,0,0,0,0,1,0,1,0,0,0,"['시아버지', '복수극', '합작', '며느리']"
2005,데미지 오버 타임,8.84,선우훈,0,0,0,0,0,0,0,0,0,1,0,0,0,"['운명', '출현', '생명체', '집단', '고립', '군부대']"
2006,소소한가,9.65,강소소,0,0,0,1,1,0,0,0,0,0,0,0,0,"['가족', '진짜']"
2007,양말도깨비 더빙툰,9.7,소통 스튜디오,0,0,0,0,0,1,0,0,1,0,0,0,0,"['드라마', '보이스', '동화', '양말']"
2008,관찰인간,9.81,디디,0,0,0,0,0,0,0,0,0,1,0,0,0,"['아귀', '옆집', '이사']"
2009,까칠한 임작가의 만화그리기,9.62,임강혁,0,1,0,1,0,0,0,0,0,0,0,0,0,"['슈퍼', '그림', '우먼']"
2010,와인드업 아이돌,9.22,김시호,0,0,0,0,0,0,0,0,1,0,0,1,0,"['아이', '강속구', '시속', '돌이']"
2011,구여친클럽,9.9,엄마미안,0,0,0,0,0,0,0,1,0,0,0,0,0,"['친구', '나의', '소개']"
2012,PT맨 강코치,9.2,박성철,0,1,0,0,1,0,0,0,0,0,0,0,0,"['근육', '코치']"
2013,동네의사 닥터쿡,8.4,팀 그로우,0,0,0,0,0,0,0,1,0,0,0,0,0,"['의사', '동네', '좌충우돌', '동거', '요리사']"
2014,엘리베이터에 낀 그 남자는 어떻게 되었나,9.01,이상록,0,0,0,0,0,0,0,1,0,1,0,0,0,"['순응', '운명', '극복', '의지']"
2015,찡한 일상단편,9.85,ZZING,0,0,0,1,0,0,0,0,1,0,0,0,0,"['일상', '공감', '하루하루', '친구', '가족']"
2016,나의 빛나는 세계,9.85,마루,0,0,0,0,0,0,0,0,1,0,0,0,0,['소녀']
2017,오늘은 자체 휴강,9.67,계란계란,0,0,0,0,1,0,0,0,0,0,0,0,1,[]
2018,에스탄시아 3,8.74,팀 풍경,0,0,0,0,0,1,0,0,0,0,0,0,0,"['풍경', '에스', '집단', '창작', '대작']"
2019,브레이커2,9.32,박진환,0,0,0,0,0,0,1,0,0,0,0,0,0,"['대한민국', '액션', '신화', '도시', '무협', '최고']"
2020,새싹툰,8.66,정욤,0,0,0,1,1,0,0,0,0,0,0,0,0,"['혼자', '제보', '사연', '주세', '새싹']"
2021,늑대처럼 울어라,9.79,이세형,0,0,0,0,0,0,1,0,0,0,0,0,0,"['선택', '싸움']"
2022,안녕! 바북아,9.06,윤필,0,0,0,1,0,0,0,0,0,0,0,0,0,"['동물', '반려', '평생']"
2023,괴담콜렉터,8.27,강산,0,0,0,0,0,0,0,0,0,1,0,0,0,"['감동', '사이코', '패스']"
2024,에이스 하이,9.78,유희,0,0,0,0,1,1,0,0,0,0,0,0,0,['출격']
2025,어벤져스 : 일렉트릭 레인,7.58,고영훈,0,0,0,0,0,1,1,0,0,0,0,0,0,"['최초', '공식', '일렉트릭', '연재', '마블', '전세계', '독점', '다음', '레인']"
2026,상상고양이,9.87,김경,0,0,0,1,0,0,0,0,0,0,0,0,0,"['생각', '상황', '고양이']"
2027,"<연애가 제일 쉬웠어요> 실전, 연애노트",9.26,참치캔,0,0,0,0,0,0,0,0,1,0,0,0,0,"['제일', '호원', '연애', '실전', '노트']"
2028,도대체 무슨 일이야,8.04,유니 UNI,0,0,0,0,0,0,0,0,1,0,0,0,0,"['동거', '연하', '소녀', '일우', '기상천외']"
2029,그녀와 32분의 1,9.88,오곡,0,0,0,0,1,0,0,0,1,0,0,0,0,"['담임', '이상', '마음']"
2030,유턴,8.71,이규환,0,0,0,0,1,0,0,0,0,0,0,0,0,"['드라마', '공상', '과학', '모험', '데뷔작']"
2031,"비긴, 짜릿하게 이뤄져라",9.36,정은숙,0,0,0,0,0,0,0,1,0,0,0,0,0,"['하루하루', '청춘']"
2032,천국에 깃들다,9.05,조주희,0,0,0,0,0,0,0,0,1,0,0,0,0,"['소년', '세계', '사랑', '소녀', '사후', '지독']"
2033,지킬박사는 하이드씨,8.09,이충호,0,0,0,0,0,0,0,0,1,0,0,0,0,"['스타일', '지금']"
2034,하이드,9.6,이충호,0,0,0,0,0,0,0,0,0,1,0,0,0,"['죽음', '대립', '게임', '인격', '승자', '소녀']"
2035,암묵적 동의,9.05,만자기,0,0,0,0,0,1,1,0,0,0,0,0,0,"['서울', '바이오', '미래', '발달', '공학', '거대', '음모']"
2036,<저녁같이 드실래요> 그들의 대화,9.53,박시인,0,0,0,0,0,0,0,0,1,0,0,0,0,"['대화', '저녁', '해경']"
2037,호구의 사랑,9.72,유현숙,0,0,0,0,0,0,0,1,1,0,0,0,0,"['제대', '사랑', '지금']"
2038,슈퍼스타 마광길,8.95,김도헌,0,0,0,0,1,1,0,0,0,0,0,0,0,"['무엇', '드라마', '액션', '판타지', '이상', '개념', '상상']"
2039,순간,9.81,김종진,0,0,0,0,0,0,0,0,1,0,0,0,0,"['일상', '심장', '기억']"
2040,괴물 같은 아이돌,9.71,민홍,0,0,0,0,0,0,0,0,1,0,0,0,0,"['아이', '아이돌', '괴물']"
2041,부엉이 식당,9.41,최인환,0,0,0,0,0,0,0,1,0,0,0,0,0,"['식당', '초대', '귀신', '영업']"
2042,체리보이 그녀,9.27,남쪽개미,0,0,0,0,0,0,0,0,1,0,0,0,1,"['정체', '딸기', '학생', '미소녀']"
2043,청둥아 진정해!,9.85,윤필,0,0,0,0,0,0,0,1,0,0,0,0,0,"['일자리', '서울', '주세', '통일']"
2044,취미학배틀,8.06,낼름이,0,0,0,0,0,1,1,0,0,0,0,0,0,"['취미', '외국산', '대한민국', '오타쿠']"
2045,레테,9.72,강도하,0,0,0,0,0,0,0,1,0,0,0,0,0,['기억']
2046,모험의 꿈동산,9.65,니나노머신,0,0,0,0,1,0,0,0,0,0,0,0,0,"['놀이', '궁극', '모두', '개발', '기구']"
2047,이장본색,9.46,지뚱,0,0,0,0,1,1,0,0,0,0,0,0,0,"['향연', '파워', '대왕', '농촌']"
2048,연무,9.84,변기현,0,0,0,0,0,0,0,0,0,1,0,0,0,"['아웃', '전체', '계속', '화이트', '도시']"
2049,언더시티2,9.66,쵸밥,0,0,0,0,0,1,1,0,0,0,0,0,0,"['아웃', '게임', '로그', '위험', '언더', '유저', '시티', '가상현실']"
2050,기래믹스,9.42,송기래,0,0,0,0,1,0,0,0,0,0,0,0,0,"['권장', '젊은이', '나라']"
2051,PEAK ,9.77,임강혁,0,0,0,0,0,0,0,1,0,0,0,1,0,"['이드', '산악', '액션', '구조', '본적']"
2052,동재네 식구들,9.82,김민재,0,0,0,0,0,0,0,1,0,0,0,0,0,"['중반', '조금', '어가', '식구', '동재']"
2053,개와 토끼의 주인,8.17,이원진,0,0,0,1,0,0,0,1,0,0,0,0,0,"['동물', '조금', '반려', '메트로놈']"
2054,로봇이 상냥해,9.55,꿀오뎅,0,0,0,0,0,1,0,0,1,0,0,0,0,['화성']
2055,신사의 집,9.83,두엽과 영인,0,0,0,0,0,0,0,1,0,0,0,0,0,"['맞춤', '양복점']"
2056,즐거운 나의 집,9.38,노대주,1,0,0,0,0,0,0,0,0,1,0,0,0,"['한의', '서울대', '개인', '나태']"
2057,청소년 영화,9.82,고아라,0,0,0,0,0,0,0,1,0,1,0,0,0,"['여고생', '죽음']"
2058,모르모트 인 더 시티,9.21,데몬제이,0,0,0,0,1,0,0,0,0,0,0,0,0,"['실험실', '모르모트', '이상', '탈출']"
2059,장난감의 사정,9.45,김도연,0,0,0,0,0,0,0,0,1,0,0,0,0,"['삼각관계', '장난']"
2060,셜록 : 여왕폐하의 탐정 1,9.67,zohan,0,0,0,0,0,1,0,0,0,0,0,0,0,"['세기', '각종', '사건', '가상', '국가', '협력']"
2061,제비전,9.81,고은,0,0,0,0,0,1,0,0,1,0,0,0,0,"['제비', '부와', '형제', '은혜', '놀부', '왕자']"
2062,아네미아,9.77,홍작가,0,0,0,0,0,0,0,0,0,1,0,0,0,"['버스', '단편', '옴니버스']"
2063,한성 1905,9.61,제피가루,0,0,0,0,0,1,1,0,0,0,0,0,0,"['활극', '개화기', '제국', '한성', '본격', '공상', '충돌', '수도']"
2064,팬더댄스,8.31,조경규,0,0,0,0,1,0,0,0,0,0,0,0,0,"['대활약', '활약', '눈두덩', '기대', '너구리', '눈두덩이']"
2065,은밀하게 위대하게2,9.44,Hun,0,0,0,0,0,0,1,0,0,0,0,0,0,"['유일', '침투']"
2066,여행해도 똑같네,9.44,캐러멜,0,0,0,1,1,0,0,0,0,0,0,0,0,"['캐러멜', '부부', '자동차', '여행', '네온']"
2067,포착! 락스캔들,8.03,김윤수,0,0,0,0,1,0,0,0,0,0,0,0,0,"['철벽', '매력', '지상', '최강', '최고']"
2068,루드비코의 만화일기,9.75,루드비코,0,0,0,1,1,0,0,0,0,0,0,0,0,['일상']
2069,마왕을 위한 동화,9.31,김용환,0,0,0,0,0,1,0,0,1,0,0,0,0,"['명예', '지위']"
2070,육갑 : 여섯개의 갑,9.07,지뚱,0,0,0,0,1,1,0,0,0,0,0,0,0,"['오감', '상실자', '기억']"
2071,포코알레그레토,9.8,김용회,0,0,0,0,0,0,0,1,0,0,0,0,0,"['음악', '시립', '교향악단']"
2072,달이 내린 산기슭,9.83,손장원,0,0,0,0,0,0,0,1,0,0,0,0,0,"['정령', '힐링', '지층', '소녀', '로드무비']"
2073,망치를 부수는 변호사,9.59,엄세윤,0,0,0,0,0,0,0,1,0,1,0,0,0,"['변호사', '법정', '타운', '다운', '드라마', '테리', '미스', '시골']"
2074,잘 먹겠습니다,7.86,미소,0,0,0,0,0,0,0,0,1,0,0,0,0,"['남녀', '생활', '식습관', '취향', '식사', '행복', '탐구']"
2075,꽃처럼 산다,9.78,HUN/박형준/송래현,0,0,0,0,0,0,0,1,0,0,0,0,0,"['에피소드', '공감', '대가', '폭풍', '꽃집']"
2076,포션매니아,9.33,톱밥,0,0,0,0,0,1,1,0,0,0,0,0,0,"['마법', '검술', '약물', '최고']"
2077,쓸개,9.78,강형규,0,0,0,0,0,0,1,1,0,0,0,0,0,['순금']
2078,트러블 메이커 어게인,9.02,이무기,0,0,0,0,1,0,0,0,0,0,0,0,0,"['양아치', '트러블', '원조', '이무기', '복원', '메이커']"
2079,공긔 엇더하니잇고,7.35,yami ,0,0,0,0,0,0,0,0,0,0,0,1,0,"['공기', '학과', '결정', '노력']"
2080,지구 전세냈냐,9.15,강산,0,0,0,0,1,1,0,0,0,0,0,0,0,"['지구', '아웃', '외계인', '전세']"
2081,카산드라,9.77,이하진,0,0,0,0,0,0,0,1,0,0,0,0,0,"['왕녀', '미래', '저주', '아폴론']"
2082,빌어먹을 것들,9.38,이태훈,0,0,0,0,0,0,0,1,0,1,0,0,0,"['장려상', '결기', '사건', '노숙자', '살인', '다음', '수상', '해결', '공모전']"
2083,군대라면,5.0,김병관,0,0,0,0,1,0,0,0,0,0,0,0,0,"['사연', '바탕', '실제', '피소', '소드', '각색', '군대']"
2084,명탐정 포우,9.7,고동동,0,0,0,0,0,0,0,0,0,1,0,0,0,"['사설', '사무소', '탐정', '사건', '실마리']"
2085,동거,9.26,김영찬,0,0,0,0,0,1,0,1,0,0,0,0,0,"['생활', '자취생', '처음', '자취', '동거', '커플', '뱀파이어']"
2086,기세기세2,8.6,진냥,0,0,0,0,0,1,0,0,0,0,0,0,1,"['세계', '기록', '기네스', '기상천외']"
2087,아름다운 선,9.56,강도하,0,0,0,0,0,0,0,1,0,0,0,0,0,"['사랑', '이후']"
2088,오토마타,9.72,김다찌,0,0,0,0,0,1,1,0,0,0,0,0,0,"['오토', '액션', '리그', '화제작', '진보', '경험']"
2089,러브메이커,9.78,정종수,0,0,0,0,0,1,0,0,1,0,0,0,0,"['수상작', '상작', '최우수', '그날', '다음', '공모전']"
2090,더 퀸 : 침묵의 교실 ,9.61,김인정,0,0,0,0,0,0,0,0,0,1,0,0,1,"['지배', '평등', '여왕', '교실']"
2091,삼풍,9.74,한상훈,0,0,0,0,0,0,0,1,0,0,0,0,0,['잔해']
2092,탐묘인간,9.75,soon,0,0,0,1,0,0,0,1,0,0,0,0,0,"['사랑', '고양이']"
2093,외발로 살다,9.74,고영훈,0,0,0,0,0,0,1,0,0,0,0,0,0,"['각자', '싸움', '복수', '처절']"
2094,CCTV,8.39,INJO,0,0,0,1,0,0,0,0,0,1,0,0,0,"['공모전', '진출', '본선']"
2095,미 앤 아이,7.63,고리타,0,0,0,0,1,0,0,0,0,0,0,0,0,"['사랑', '세상', '진짜']"
2096,마녀,9.67,강풀,0,0,0,0,0,0,0,0,1,1,0,0,0,"['마녀', '사랑']"
2097,왕자의 조건,9.03,윰윰,0,0,0,0,1,1,0,0,0,0,0,0,0,"['능력', '동화', '공주', '난쟁이', '무능력', '백설', '진정', '조건', '결혼', '왕자']"
2098,설국열차 : 프리퀄,9.31,윤태호,0,0,0,0,0,0,0,1,0,0,0,0,0,"['열차', '인류', '탄생', '마지막', '궤도']"
2099,십이야,9.88,무류,0,0,0,0,0,1,0,0,1,0,0,0,0,"['로맨스', '판타지', '가국', '사랑']"
2100,라임 오딧세이,9.64,글피,0,0,0,0,0,1,0,0,0,0,0,0,0,"['판타지', '나의', '너와', '과일']"
2101,하우스 메이트,9.11,만자기,1,0,0,0,0,0,0,0,0,1,0,0,0,"['살이', '무표정', '잔혹']"
2102,짐승수컷고등학교,9.59,비누끼,0,0,0,0,1,1,0,0,0,0,0,0,0,"['고등', '생활', '짐승', '학교', '본능', '충실', '수컷']"
2103,9교시엔  XOXO,8.72,박성철,0,0,0,0,0,1,0,0,1,0,0,0,0,"['뺀질이', '사정', '녀석', '여교사', '나름']"
2104,벼랑 끝의 디저트,8.85,윤소이,0,0,0,0,0,0,0,0,1,0,0,0,0,"['진실', '안정', '선택', '사랑', '순수']"
2105,오!솔로,9.34,정이리이리,0,0,0,1,1,0,0,0,0,0,0,0,0,"['솔로', '생활', '마법사']"
2106,저스트 원 샷,9.42,김예린/장유라,0,0,0,0,0,0,0,0,0,1,0,0,0,"['인생', '당첨자', '배팅', '운명', '잔인', '복권']"
2107,인기 있는 남자,9.06,최호진,0,0,0,0,0,0,0,1,0,0,0,0,0,['선택']
2108,폐어,9.53,최민호,0,0,0,0,0,0,0,0,1,0,0,0,0,"['상처', '사랑']"
2109,제 0시 : 대통령을 죽여라,7.83,이충호,0,0,0,0,0,1,1,0,0,0,0,0,0,[]
2110,수사전,9.75,팀 풍경,0,0,0,0,0,1,0,0,0,0,0,0,0,"['광무', '수사', '제국', '배경', '본격', '대한', '정치']"
2111,가우시안 블러,9.68,박시인,0,0,0,0,0,0,0,1,0,0,0,0,0,"['안개', '소년', '청춘', '소녀', '스토리', '비밀']"
2112,파수꾼의 왈츠,9.7,김도연,0,0,0,0,0,0,0,0,1,0,0,0,0,"['인생', '홍조']"
2113,파동,9.39,장이,1,0,0,0,0,0,0,0,0,1,0,0,0,"['치열', '살인자', '게임', '목격자', '생존']"
2114,결혼해도 똑같네,9.7,네온비,0,0,0,1,1,0,0,0,0,0,0,0,0,"['만화가', '부부', '캐러멜', '신화', '탄생', '네온', '충격', '개그']"
2115,0.1초의 설렘,9.45,임강혁,0,0,0,0,0,0,0,0,1,0,0,0,0,"['사랑', '보고서']"
2116,지옥철,8.98,고동동,0,0,0,0,0,0,0,0,0,1,0,0,0,"['정체', '사건', '공포감', '지하철', '극도']"
2117,우리집 새새끼,9.7,골드키위새,0,0,0,1,1,0,0,0,0,0,0,0,0,"['골드', '키위', '문조', '새판']"
2118,안되는 건 안되는 거다,9.69,홍작가,0,0,0,0,0,1,0,0,0,1,0,0,0,"['소년', '은둔', '이상', '해결사', '기억']"
2119,은밀하게 위대하게 : 슬럼버,9.74,Hun,0,0,0,0,0,0,1,1,0,0,0,0,0,"['생각', '과거', '위대', '혁명']"
2120,검둥이 이야기,9.73,윤필,0,0,0,0,0,0,0,1,0,0,0,0,0,"['하나', '윤필', '흰둥이', '가슴']"
2121,피노키오,9.72,마루,0,0,0,0,0,1,0,0,1,0,0,0,0,"['소년', '행복']"
2122,글로리힐,9.08,이윤균,0,0,0,0,0,0,0,0,0,1,0,0,1,"['초대', '진정', '지옥', '콤비', '주먹', '입시', '전설', '컴백']"
2123,바람을 가르며,6.79,이강산,0,0,0,0,0,1,1,0,0,0,0,0,0,"['무장', '치열', '시대', '조선']"
2124,다이아몬드 더스트,9.61,강형규,0,0,0,0,0,0,0,1,1,0,0,0,0,"['사랑', '라스트']"
2125,사일런트 스마일,9.21,심군,0,0,0,0,0,0,0,0,0,1,0,0,0,"['아이', '세계', '충격', '충격적', '웃음']"
2126,3M,5.81,강도하,0,0,0,0,0,0,0,1,1,0,0,0,0,"['사랑', '연인']"
2127,헌티드 스쿨,9.54,계란계란,0,0,0,0,0,0,0,0,0,1,0,0,1,"['괴담', '기이', '원기', '담의', '흥미', '학교', '시초', '사냥']"
2128,세상 밖으로,9.74,조금산,0,0,0,0,0,0,0,0,0,1,0,0,0,"['동네', '사건', '친구']"
2129,커밍업!,9.4,기선,0,0,0,0,0,0,0,0,1,0,0,0,0,"['기선', '프로젝트', '본격', '만들기', '그룹']"
2130,그루밍 선데이,9.65,Hun,0,0,0,1,1,0,0,0,0,0,0,0,0,"['동거', '고양이']"
2131,돼지고기 동동,7.41,조경규,0,0,0,0,1,0,0,0,0,0,0,0,0,"['오동', '매력', '돼지고기', '치명적', '치명']"
2132,한여름밤의 꿈,9.78,김용회,0,0,0,0,0,0,0,1,0,0,0,0,0,"['소년', '여름']"
2133,영혼을 위한 드래곤 수프,9.3,헤드플레이,0,1,0,0,0,0,0,0,0,0,0,0,0,"['마음', '동화', '기상천외', '나라']"
2134,나쁜 여자들,7.53,미소,0,0,0,0,0,0,0,0,1,0,0,0,0,['사랑']
2135,루드비코의 만화영화,9.69,루드비코,0,0,0,1,1,0,0,0,0,0,0,0,0,"['일상', '영화']"
2136,파이팅 스타,8.11,두엽,0,0,0,0,0,1,1,0,0,0,0,0,0,"['우주', '런던', '대통령', '액션', '재미', '올림픽', '대작']"
2137,"다시, 봄",9.69,라라시스터,0,0,0,0,0,0,0,1,0,1,0,0,0,"['무엇', '그날']"
2138,언더시티,9.51,쵸밥,0,0,0,0,0,1,1,0,0,0,0,0,0,"['환영', '언더', '도시', '시티', '가상현실']"
2139,올망동은 평화롭습니다,9.54,니나노머신,0,0,0,0,1,1,0,0,0,0,0,0,0,"['악당', '지구', '외전', '적응', '방위', '동네', '이상한', '개념', '연구소', '적응기']"
2140,트릭코드,9.36,환상거북,0,0,0,0,0,1,0,0,0,1,0,0,0,"['비밀', '추리', '사건', '미스터리']"
2141,애썸,9.78,김종진,0,0,0,0,0,0,0,0,1,0,0,0,0,"['만남', '사랑']"
2142,트레이스 : 향수,9.19,김다찌,0,0,0,0,0,1,1,0,0,0,0,0,0,"['확장', '트레이스', '프로젝트', '거대']"
2143,미궁의 숲,7.11,알콘,0,0,0,0,0,1,1,0,0,0,0,0,0,"['미궁', '이상']"
2144,웨이크 업 데드맨,9.44,김용환,0,0,0,0,1,1,0,0,0,0,0,0,0,"['시체', '순정', '최우수', '수상', '로드무비', '공모전']"
2145,오세요 타로샵,8.21,박강호,0,1,0,0,0,0,0,1,0,0,0,0,0,"['최초', '타로', '국내', '실전']"
2146,발광하는 현대사,8.88,강도하,1,0,0,0,0,0,0,1,0,0,0,0,0,"['최초', '성인', '본격', '도하', '세상', '컴백']"
2147,아수라연,8.96,윰윰,0,0,0,0,0,0,1,0,0,0,0,0,1,"['무술', '사연', '아이', '입학', '성장', '인연', '학교', '제각각']"
2148,노루 ,9.74,안성호,0,0,0,0,0,1,0,0,0,0,0,0,0,"['마지막', '카메라', '인류']"
2149,청춘이 청춘일때,9.41,전상영,0,1,0,1,0,0,0,0,0,0,0,0,0,"['아무것', '청춘']"
2150,황야의 무법자들,9.04,X-COMIX,0,0,0,0,0,1,1,0,0,0,0,0,0,"['벌판', '로봇', '장군']"
2151,아코르,9.74,이지영,0,0,0,0,0,1,0,0,1,0,0,0,0,"['동화', '잔혹', '이안', '성장', '소녀', '과거', '가슴', '신비']"
2152,다이어터,9.7,캐러멜,0,0,0,0,1,0,0,0,0,0,0,0,0,"['다이어트', '캐러멜', '청춘', '백서']"
2153,굿모닝 사회인 야구,9.47,장이,0,1,0,0,0,0,0,0,0,0,0,1,0,"['사회', '사회인', '교본', '정석', '기초', '야구']"
2154,나는 매일 그를 훔쳐본다,9.62,유현숙,0,0,0,0,0,0,0,0,1,0,0,0,0,"['소심', '사랑', '좌충우돌', '연애담']"
2155,고.흔.연,9.59,이진아,0,0,0,0,0,1,0,0,1,0,0,0,0,"['만난', '인연', '고양이']"
2156,4월의 눈을 가진 소녀,8.28,윤지선,0,0,0,0,0,0,0,0,1,1,0,0,0,"['운명', '소녀', '로맨스', '미스터리', '갈림길']"
2157,가디언스2,6.22,ZERO BASE,0,0,0,0,0,1,1,0,0,0,0,0,0,"['폭발', '호화', '액션']"
2158,돌발영상,8.68,레드렌,0,0,0,0,0,0,0,0,0,1,0,0,0,['카메라']
2159,레이어즈 아나키,9.48,글피,0,0,0,0,0,1,1,0,0,0,0,0,0,"['학원', '액션', '시공', '감성', '초월', '레이어']"
2160,오! 마이 레이스,9.45,배추도사무도사,0,0,0,0,0,0,0,0,1,0,0,0,0,"['주목', '전쟁터', '패션', '사랑', '레이스', '패션계']"
2161,어떤 교집합,9.67,고아라,0,0,0,0,0,0,0,1,0,0,0,0,0,"['게스트', '하우스']"
2162,위나암림,9.5,오연,0,0,0,0,0,0,1,1,0,0,0,0,0,"['극인', '실제', '사건', '베드', '고구려', '비극', '스피어', '반란']"
2163,란의 공식,9.62,양영순,0,0,0,0,0,1,0,0,0,0,0,0,1,"['누드', '누들', '기가', '기억']"
2164,코알랄라,7.35,yami ,0,0,0,1,1,0,0,0,0,0,0,0,0,[]
2165,용사에게 소중한 것,9.17,데몬제이,0,0,0,0,1,1,0,0,0,0,0,0,0,"['서사시', '용사']"
2166,빨간봉투,9.08,최호진,0,0,0,0,0,0,0,1,0,0,0,0,0,"['욕망', '청춘']"
2167,미세스 선녀,9.37,아초,0,0,0,0,0,0,1,1,0,0,0,0,0,"['학원가', '현모양처']"
2168,도사랜드,9.63,두엽,0,0,0,0,0,1,1,0,0,0,0,0,0,"['직업', '도사']"
2169,흰둥이,9.73,윤필,0,0,0,0,0,0,0,1,0,0,0,0,0,"['흰둥이', '오늘']"
2170,대디 고 라운드,9.36,희나리,0,0,0,0,0,0,0,1,0,1,0,0,0,"['메리', '라운드']"
2171,바람개비 소년의꿈,8.55,강도하,0,0,0,1,0,0,0,0,0,0,0,0,0,"['소년', '하루', '여행', '바람개비', '바람']"
2172,낙오여군복귀기,8.42,윤필,0,0,0,0,0,0,0,1,0,0,0,0,0,"['발표', '의무', '의무화', '군복무', '시대', '특별', '조치', '정부']"
2173,모든걸 걸었어,9.59,박용제,0,0,0,0,0,0,0,1,0,0,0,1,0,"['한계', '목숨']"
2174,지혜가 쫀득쫀득,9.22,어택,0,0,0,1,1,0,0,0,0,0,0,0,0,"['생활', '스타일', '배우', '어택', '지혜']"
2175,순정큐피트,9.79,오곡,0,0,0,0,0,1,0,0,1,0,0,0,0,"['필요', '가슴']"
2176,비굴해도 괜찮아,9.29,강모림,0,0,0,1,1,0,0,0,0,0,0,0,0,"['패기', '대한민국', '비굴']"
2177,후크는 악당이다,9.09,엄세윤,0,0,0,0,0,1,0,0,0,0,0,0,0,"['대체', '사건', '악당', '전말']"
2178,날 좋아해줘,9.21,김도연,0,0,0,0,1,0,0,1,0,0,0,0,0,['당부']
2179,사춘기 메들리,9.62,곽인근,0,0,0,0,0,0,0,1,0,0,0,0,0,"['인생', '고등학생', '위기', '시절', '최대']"
2180,소녀K,8.89,고영훈,0,0,0,0,0,1,1,0,0,0,0,0,0,"['액션', '킬러', '미소녀', '본적']"
2181,남자들의 수다,8.48,냥군,0,0,0,1,1,0,0,0,0,0,0,0,0,"['진짜', '시대', '수컷']"
2182,사라세니아,9.61,이상록,0,0,0,1,0,1,0,0,0,0,0,0,0,"['일상', '가치', '초능력', '의외', '만물', '주인공', '무료', '세상']"
2183,환상의 파트너,9.73,김예린/장유라,0,0,0,0,0,0,0,0,1,0,0,0,0,"['동물', '짝꿍', '미남', '환상', '심리학자']"
2184,쏘쏘리,9.12,김인호,0,0,0,1,1,0,0,0,0,0,0,0,0,"['싱글', '부족', '주변', '주변인']"
2185,라스트,9.64,강형규,0,0,0,0,0,0,1,0,0,1,0,0,0,"['경제', '사투', '지하']"
2186,오늘의 히어로,9.05,김상수,0,0,0,0,1,1,0,0,0,0,0,0,0,"['지구', '히어로', '오늘', '인류', '구원', '위기', '종말']"
2187,스틸레인,9.64,제피가루,0,0,0,0,0,0,0,0,0,1,0,0,0,"['한반도', '위험', '스릴러', '지금', '국제', '정치']"
2188,별호도감,5.55,불타는 오렌지,0,0,0,0,0,1,0,0,0,0,0,0,0,"['능력', '수행', '분투', '고군분투', '천재', '고군']"
2189,보고 있으면 기분 좋아져라 ,9.6,페리테일,0,0,0,1,0,0,0,0,0,0,0,0,0,"['생활', '감성', '페리', '시트콤']"
2190,조명가게,9.44,강풀,0,0,0,0,0,0,0,0,0,1,0,0,0,"['강풀', '가게', '미스', '심리', '테리', '조명']"
2191,낭만오피스,9.39,김국현,0,0,0,1,1,0,0,0,0,0,0,0,0,"['생활', '낭만적', '사건', '낭만', '기록부', '본격적', '직장']"
2192,창작의 고통,8.24,낼름이,0,1,0,1,0,0,0,0,0,0,0,0,0,"['학과', '무엇', '대학교']"
2193,돼지털,8.32,옥이,0,0,0,0,1,1,0,0,0,0,0,0,0,['돼지']
2194,아침에 시 한 수,5.82,조경규,0,0,0,1,1,0,0,0,0,0,0,0,0,"['댄스', '매일', '아침']"
2195,커피와 하루 the start,9.4,한상훈,0,0,0,0,0,0,0,1,0,0,0,0,0,['커피']
2196,바나나 트위스트,9.48,김병관,0,0,0,0,1,0,0,1,0,0,0,0,0,"['가족', '일상', '평범', '시트콤']"
2197,메트로놈,8.63,이원진,0,0,0,0,0,1,1,0,0,0,0,0,0,"['시간', '기억']"
2198,무한도전,8.5,DAUM WEBTOON,0,0,0,1,1,0,0,0,0,0,0,0,0,"['에피소드', '무한', '최강', '정리']"
2199,무늬만 사람,9.44,김효중,0,0,0,0,0,0,0,1,0,0,0,0,0,"['버스', '옴니버스', '동식물']"
2200,잡초이야기,9.3,정이리이리,0,0,0,1,1,0,0,0,0,0,0,0,0,"['일상', '잡초', '차원', '탄생', '고뇌', '이후']"
2201,더 파이브,9.18,정연식,0,0,0,0,0,0,0,0,0,1,0,0,0,"['연쇄', '살인마', '복수극']"
2202,블랙윈드,9.45,제이군,0,0,0,0,0,1,1,0,0,0,0,0,0,"['사냥', '마녀']"
2203,기춘씨에게도 봄은 오는가,9.68,네온비,0,0,0,0,1,0,0,0,0,0,0,0,0,"['한번', '기회', '탈출기', '처절', '솔로']"
2204,77번째 돌연변이,7.81,코리,0,0,0,0,0,1,0,0,0,0,0,0,0,"['구원', '돌연변이']"
2205,그녀의 수염,8.74,유동혁,0,0,0,0,0,1,0,1,0,0,0,0,0,"['이별', '사랑', '수염']"
2206,학원기이야담,9.53,계란계란,0,0,0,0,1,0,0,0,0,0,0,0,1,"['학원', '계란', '괴담', '특별']"
2207,에어리어제로,9.58,라라시스터,0,0,0,0,0,1,0,1,0,0,0,0,0,"['지구', '이유']"
2208,창공의 코코,9.15,심군,0,0,0,0,0,1,0,0,0,0,0,0,0,"['가마귀', '소녀', '창공', '갈가마귀']"
2209,여섯살 엄마,9.08,윰윰,0,0,0,0,0,1,0,0,1,0,0,0,0,"['육아', '일기', '엄마', '여섯', '소녀', '방정', '품행']"
2210,피NO키오,7.49,세환,0,0,0,1,1,0,0,0,0,0,0,0,0,"['진실', '참여', '콩트', '경계', '독자', '블랙', '거짓']"
2211,인터뷰,9.78,루드비코,0,0,0,0,0,0,0,1,0,1,0,0,0,"['소유자', '복귀', '독특', '감각']"
2212,데드크로스,8.24,스튜디오 해닮,0,0,0,0,0,0,1,1,0,0,0,0,0,"['치열', '전쟁', '동참', '주식', '싸움']"
2213,언더스터디,8.91,Two Park,0,0,0,0,1,0,0,0,0,0,0,0,0,"['실직', '역할', '방법', '위기', '남매', '쌍둥이', '생존']"
2214,레이어즈,9.3,글피,0,0,0,0,0,1,0,0,0,0,0,0,1,"['학원', '액션', '시공', '감성', '초월', '레이어']"
2215,냥군의 서울맛집,7.73,냥군,0,1,0,1,0,0,0,0,0,0,0,0,0,"['서울', '정보', '부담', '맛집']"
2216,광해이야기2,3.65,DAUM WEBTOON,0,0,0,0,0,0,0,0,0,1,0,0,0,"['특집', '단편', '부작', '추석', '광해']"
2217,보지 못하고 듣지 못하고 사랑해,9.75,고영훈,0,0,0,0,0,0,0,1,0,0,0,0,0,['사랑']
2218,트레져헌터2,9.68,허견,0,0,0,0,0,1,1,0,0,0,0,0,0,"['시간', '분노', '크리', '시즌', '대망', '궁금증', '모사']"
2219,나선의 젠투,8.26,김홍선,0,0,0,0,0,1,1,0,0,0,0,0,0,"['도래', '펭귄', '시대', '소용돌이', '무림']"
2220,거울아씨전,9.5,환상거북,0,0,0,0,0,1,0,0,0,0,0,0,0,"['모습', '거울', '아씨', '친구', '동거', '미스터리']"
2221,기다림이 설렘이 되는 숫자2,9.29,론반스,0,0,0,0,0,1,0,0,1,0,0,0,0,[]
2222,꿈꾸는 고양이 바림,8.93,장소영,0,0,0,0,0,0,0,0,1,0,0,0,0,"['바림', '환상적', '고양이', '환상', '체험']"
2223,파라다이스,9.22,미소,0,0,0,0,0,0,0,0,1,0,0,0,0,"['투기', '버릇', '스타', '싸가지', '고군분투', '고군']"
2224,야옹이와 흰둥이,9.71,윤필,0,0,0,1,0,0,0,1,0,0,0,0,0,"['감동', '시리즈', '흰둥이', '시작점']"
2225,이너 다이어리,9.0,최호진,0,0,0,0,0,0,0,1,0,0,0,0,0,"['현실', '속옷']"
2226,가디언스,7.83,ZERO BASE,0,0,0,0,0,1,1,0,0,0,0,0,0,"['히어로', '능력', '박진감', '대결']"
2227,고마워 다행이야,5.42,장대현,0,0,0,0,0,0,0,1,1,0,0,0,0,"['사랑', '결정', '잔악']"
2228,수심 3000m에 닿으면,9.64,김만호,0,0,0,0,0,1,0,0,0,0,0,0,0,"['바다', '사투', '복수', '인어', '신비']"
2229,마왕의 성,9.4,서강용,0,0,0,0,0,1,1,0,0,0,0,0,0,"['마왕', '안개']"
2230,녹색인간,8.44,이우,0,0,0,0,0,0,0,1,0,0,0,0,0,"['녹색', '보고서']"
2231,기네스 세계기록 세우기,9.35,팀 샐러드레씽,0,0,0,0,1,0,0,0,0,0,0,0,1,"['소년', '도전', '세계', '기록', '기네스', '소녀']"
2232,조선협객유랑기 솔개편,9.32,감나무,0,0,0,0,1,0,1,0,0,0,0,0,0,"['도적', '흥미', '에피소드', '활약', '집단', '시대', '조선', '인물']"
2233,오늘또오늘,9.44,희나리,0,0,0,0,0,0,0,1,0,0,0,0,0,"['인생', '역전', '그날', '청춘']"
2234,럭키미,9.68,고아라,0,0,0,0,0,0,0,0,1,0,0,0,0,"['말뜻', '사랑', '줄다리기', '신비']"
2235,라이오트,8.73,박강호,0,0,0,0,0,0,0,0,0,1,0,0,0,['종말']
2236,대박소녀,7.87,헤드플레이,0,1,0,0,0,0,0,0,0,0,0,0,0,"['쇼핑몰', '창업', '대박']"
2237,전설의 주먹,9.41,이윤균,0,0,0,0,0,0,1,1,0,0,0,0,0,"['사상', '리얼리티', '프로그램', '최고', '싸움꾼', '싸움']"
2238,벌총총,8.75,두낫잇,0,0,0,0,0,0,0,1,0,0,0,0,0,"['생활', '동경', '귀농', '가족', '최대', '난관', '시골']"
2239,시간을 지배하는 김대리,7.87,헤드플레이,0,1,0,0,0,0,0,0,0,0,0,0,0,"['시간', '지배', '구멍', '이제', '대리', '업무']"
2240,마노'S 패밀리,9.41,문와쳐,0,0,0,0,1,1,0,0,0,0,0,0,0,"['요괴', '활극', '진짜', '좌충우돌', '가족', '코믹']"
2241,배추걸의 우아한 일상,8.67,배추걸,0,0,0,1,1,0,0,0,0,0,0,0,0,"['일상', '초대', '배추']"
2242,비산,9.76,박혜림,0,0,0,0,0,0,0,1,0,0,0,0,0,"['대구', '소년', '거북과', '설화', '거대', '여행', '모티브']"
2243,아쉬탕가,8.75,홍경원,0,0,0,0,1,0,0,0,0,0,0,1,0,"['완벽', '마스터', '궁극', '기술']"
2244,커피와 하루 ternate,9.21,한상훈,0,1,0,0,0,0,0,1,0,0,0,0,0,"['인생', '커피']"
2245,킨더삼국,8.33,이찬,0,0,0,0,1,0,0,0,0,0,0,0,0,"['삼국', '유아', '유치원', '위촉', '개그']"
2246,인생이장난2,9.24,이무기,0,0,0,0,1,0,1,0,0,0,0,0,0,"['양아치', '개그', '지평', '이무기']"
2247,암브로시아,7.26,와자,0,0,0,0,1,0,0,0,0,0,0,0,0,"['섭취', '초능력', '활약', '주인공', '발휘', '음식']"
2248,가론피,9.14,P,0,0,0,0,0,0,0,0,0,1,0,0,0,"['버스', '공포', '옴니버스']"
2249,모르모트,9.11,데몬제이,0,0,0,0,1,0,0,0,0,0,0,0,0,"['유리벽', '세상']"
2250,사랑이야기,8.6,김진,0,0,0,1,0,0,0,0,0,0,0,0,0,"['연발', '사고', '토끼', '가족']"
2251,똥벌레,9.05,옥이,0,0,0,0,0,0,0,1,0,0,0,0,0,"['순수', '벌레', '동화']"
2252,노숙자 블루스,9.46,조금산,0,0,0,0,0,0,0,1,0,0,0,0,0,"['인생', '처음', '선택', '지금']"
2253,좀비의 시간2,8.28,이경석,0,0,0,0,0,0,0,0,0,1,0,0,0,"['한국형', '비애', '비만', '결합', '가족']"
2254,차이니즈 봉봉클럽 북경편,9.08,조경규,0,1,0,0,1,0,0,0,0,0,0,0,0,"['본토', '중국', '중화', '식도락', '청춘', '여행', '요리', '목숨']"
2255,아는 동화,7.88,손두부,0,0,0,0,0,0,0,1,0,0,0,0,0,"['초고속', '전개']"
2256,앞으로 나란히,8.47,글피,0,0,0,0,0,0,0,1,0,1,0,0,0,"['사랑이', '진짜', '사랑', '지금']"
2257,겨울하나,9.69,마루,0,0,0,0,0,1,0,0,0,0,0,0,0,"['소년', '유령', '유가', '인연']"
2258,마당에 데굴데굴 열매,9.71,라라시스터,0,0,0,0,0,0,0,1,0,0,0,0,0,['씨앗']
2259,커피와하루,9.41,한상훈,0,1,0,0,0,0,0,1,0,0,0,0,0,"['하루', '커피']"
2260,아내를 죽였다,9.45,희나리,0,0,0,0,0,0,0,0,0,1,0,0,0,"['어젯밤', '아내', '죽인', '기억']"
2261,페어리하트,8.91,타라,0,0,0,0,0,0,0,0,1,0,0,0,0,"['어른', '요정', '유혹', '마법']"
2262,무채색 가족,9.77,강형규,0,0,0,0,1,0,0,0,0,0,0,0,0,"['시크', '경제', '가난', '회복기', '가족', '무심', '코믹']"
2263,프리스타일 풋볼,4.88,임준,0,0,0,0,0,0,0,0,0,0,0,1,0,"['게임', '이제', '한국형', '축구', '기준']"
2264,당신의 모든 순간,9.65,강풀,0,0,0,0,0,0,0,0,1,1,0,0,0,['순정']
2265,얼렁뚱땅 사무소,7.27,임준,0,0,0,0,1,0,0,0,0,0,0,0,0,"['마련', '조수', '사건', '과학', '좌충우돌', '해결', '자금', '박사']"
2266,신입사원 김이병씨,6.05,김상수,0,0,0,0,1,0,0,0,0,0,0,0,0,"['신입', '생활', '적응', '사원', '취업난', '회사', '직장', '적응기']"
2267,엄마 찾아 우주선,8.4,-견자-,0,0,0,0,0,1,0,0,0,0,0,0,0,"['가기', '요원', '엄마', '모험', '소녀', '특수']"
2268,당신과 당신의 도서관,9.66,곽인근,0,0,0,0,0,0,0,1,1,0,0,0,0,"['엘리트', '된장', '모독', '인격', '초유', '사상']"
2269,마리오네트,9.52,우강식,0,0,0,0,0,1,1,0,0,0,0,0,0,"['정체', '자행', '우수', '비밀', '실험', '공모전', '수상', '병원', '수상작']"
2270,디스라이크,9.47,배추도사무도사,0,0,0,0,0,0,0,0,1,0,0,0,0,"['사탕', '자존심', '민트', '오기']"
2271,미소식가,9.52,장어진,0,0,0,0,1,0,0,1,0,0,0,0,0,"['소식가', '배경', '레스토랑', '사랑']"
2272,수퍼우먼2,9.76,임강혁,0,0,0,0,0,1,1,0,0,0,0,0,0,"['어로', '본격', '세계', '지금']"
2273,메신저,9.14,김달님,0,0,0,0,0,0,0,0,1,0,0,0,0,"['대화', '상대', '상대방', '지금']"
2274,몌별,9.56,윤희,0,0,0,0,0,1,0,0,1,0,0,0,0,"['이별', '소매', '판타지', '로맨스']"
2275,기찰비록,8.18,STUDIO 해닮,0,0,0,0,0,0,0,0,0,0,0,0,0,"['기찰', '진실', '사건', '조선', '무대']"
2276,슴셋,9.2,변기현,0,0,0,0,0,0,0,0,1,0,0,0,0,"['감성', '사랑', '보고서']"
2277,빵굽는고양이,9.82,한혜연,0,0,0,1,0,0,0,1,0,0,0,0,0,"['강한', '묘사', '단편', '전개', '심리']"
2278,환상주사위,9.26,환상거북,0,0,0,0,0,1,0,0,0,0,0,0,1,"['아이', '모험', '환상']"
2279,GONE,9.43,라라시스터,0,0,0,0,0,0,0,0,1,0,0,0,0,['바람결']
2280,만화가 말합니다,9.63,DAUM WEBTOON,0,1,0,1,0,0,0,0,0,0,0,0,0,"['슬픔', '만화가', '오늘', '다음', '밑거름', '세상']"
2281,트레져헌터1,9.61,허견,0,0,0,0,0,1,1,0,0,0,0,0,0,"['의문', '청년', '인디아', '대소동', '소녀', '보물']"
2282,에스탄시아2,9.53,팀 풍경,0,0,0,0,0,1,1,0,0,0,0,0,0,"['풍경', '에스', '집단', '창작', '탈주', '대작', '열차']"
2283,에스탄시아1,9.63,팀 풍경,0,0,0,0,0,1,1,0,0,0,0,0,0,"['풍경', '데뷔작', '집단', '창작', '에스']"
2284,위대한 캣츠비,9.17,강도하,0,0,0,0,0,0,0,1,0,0,0,0,0,"['백수', '애인', '그림자', '사랑', '페르', '수컷']"
2285,아일랜드,8.57,팀 풍경,0,0,0,0,0,1,0,0,0,1,0,0,0,"['풍경', '신화', '최신작', '한국']"
2286,브레이커1,8.99,박진환,0,0,0,0,0,0,1,0,0,0,0,0,0,"['대한민국', '액션', '독점', '도시', '무협', '공개', '최고', '세상', '온라인']"
2287,장마,9.09,고영훈,0,0,0,0,0,0,0,0,0,1,0,0,0,"['마을', '살인', '연쇄', '시골']"
2288,이스크라,8.45,이충호,0,0,0,0,0,1,1,0,0,0,0,0,0,"['혁명기', '열혈', '영웅', '도전', '세상']"
2289,매지컬,8.63,글피,0,0,0,0,1,0,0,0,0,0,0,0,0,"['투기', '매지', '프린세스', '육성', '요정']"
2290,풋프린트,9.67,김만호,0,0,0,0,0,0,0,1,0,0,0,0,0,"['청년', '드라마', '성장', '아버지', '흔적']"
2291,팬더댄스와 차봉클럽,7.09,조경규,0,0,0,0,1,0,0,0,0,0,0,0,0,"['클럽', '니즈', '중화', '본격', '요리', '지금', '댄스', '차이']"
2292,샤논,5.48,알콘,0,0,0,0,0,1,0,0,0,0,0,0,0,"['인류', '탄생', '판타지', '비밀']"
2293,실버볼2,9.59,주니쿵,0,0,0,0,0,0,0,0,0,0,0,1,0,"['시즌', '개막', '컨트롤', '초월', '상상', '실버']"
2294,12단곡괭이,9.69,이무기,0,0,0,0,1,0,1,0,0,0,0,0,0,"['인생', '액션', '장난', '차원', '이무기', '컴백']"
2295,아리동 라스트 카우보이,9.71,제피가루,0,0,0,0,0,0,1,0,0,0,0,0,0,"['의문', '죽음', '노인', '추격전', '추격']"
2296,주선,9.2,호랑,0,0,0,0,0,1,1,0,0,0,0,0,0,"['사랑', '여정']"
2297,스윗로드,9.06,송래현,0,0,0,0,0,0,0,1,0,0,0,0,0,"['소녀', '성장기']"
2298,광해이야기,7.05,DAUM WEBTOON,0,0,0,0,0,0,0,0,0,1,0,0,0,"['공포', '여름', '프로젝트', '광해', '세상']"
2299,스트리트,6.02,V.A (SF),0,0,0,0,0,0,1,0,0,0,0,0,0,"['능력', '파이터', '가능', '초인', '대전', '초인적', '경험', '상상']"
2300,크레이지,8.94,팀 풍경,0,0,0,0,0,0,0,1,0,0,0,0,0,"['감동', '소년', '작지']"
2301,우리동네에 왜 왔니,9.82,조금산,0,0,0,0,1,0,0,0,0,0,0,0,0,"['조금', '조폭', '동네', '패거리']"
2302,셔틀맨,9.56,캐러멜,0,0,0,0,1,0,0,0,0,0,0,0,1,"['괴상', '셔틀', '구원자']"
2303,헌티드스쿨 원더러즈 에이스,9.49,계란계란,0,0,0,0,1,0,0,0,0,0,0,0,1,"['사건', '평화', '학교', '실마리']"
2304,To.From,9.63,오곡,0,0,0,0,0,1,0,0,0,0,0,0,0,"['소년', '세계']"
2305,탄,9.3,임강혁,0,0,0,0,1,0,0,0,0,0,0,0,0,"['우먼', '수퍼', '괴기', '단편']"
2306,신화전설,5.48,해민유철,0,0,0,0,0,1,1,0,0,0,0,0,0,"['사투', '태초', '주인']"
2307,MIC,6.89,2top,0,0,0,0,0,0,1,1,0,0,0,0,0,"['튀기', '세상']"
2308,실버볼1,9.63,주니쿵,0,0,0,0,1,0,0,0,0,0,0,1,0,"['스포츠', '요절', '복통', '실버']"
2309,반짝반짝 컬링부,9.77,곽인근,0,0,0,0,0,0,0,0,0,0,0,1,0,"['컬링', '한번', '선생님', '학생', '좌충우돌']"
2310,시계태엽,9.3,안윤정,0,0,0,0,0,0,0,0,1,0,0,0,0,"['시간', '사랑', '스케치', '파스텔톤', '민트']"
2311,카메라ON,9.11,환상거북,0,0,0,0,1,0,0,0,0,0,0,0,1,"['학원', '출동', '차원', '학교', '특종', '명랑']"
2312,울고싶을 때 날 봐,8.85,모토,0,0,0,0,0,0,0,0,1,0,0,0,1,"['사랑', '노래', '도전', '아이']"
2313,종달새가 말했다,8.16,이원진,0,0,0,0,0,0,0,0,1,0,0,0,1,"['중독', '소년', '게임', '동화', '미래', '청춘', '소녀', '자폐', '하이테크']"
2314,지옥에서 ,9.68,Hun,0,0,0,0,0,0,1,0,0,1,0,0,0,"['하반기', '하나', '하반', '지옥도', '최신작', '시골']"
2315,고백,9.33,김인호,0,0,0,0,0,0,0,1,1,0,0,0,0,"['고백', '지도']"
2316,모델,9.19,미소,0,0,0,0,0,0,0,0,1,0,0,0,0,"['아름다움', '스파', '프로젝트', '자신감', '육성', '모델', '개성']"
2317,흩날리는,9.66,Hun,0,0,0,0,0,1,1,0,0,0,0,0,0,['항해']
2318,펜트하우스,8.46,바천,0,0,0,0,1,0,0,0,0,0,0,0,0,"['모두', '이사']"
2319,수퍼우먼1,9.69,임강혁,0,0,0,0,0,1,1,0,0,0,0,0,0,"['슈퍼', '우먼', '강철', '어로', '본격', '비밀']"
2320,그녀방위군,8.54,윤석,0,0,0,0,1,0,0,0,0,0,0,0,0,"['동네', '양아치', '일상']"
2321,R에 관해서,9.63,이림,0,0,0,0,0,0,0,1,1,0,0,0,0,['사랑']
2322,룬의 이야기,8.97,주니쿵,0,0,0,0,0,1,0,0,0,0,0,0,0,"['동화', '바위']"
2323,까야제맛,8.37,하준성 ,0,0,0,0,1,0,0,0,0,0,0,0,0,"['준성', '무한', '본능', '개그', '이서']"
2324,인생이장난,9.67,이무기,0,0,0,0,1,0,1,0,0,0,0,0,0,"['인생', '양아치', '별거', '하루', '액션', '동네', '극한']"
2325,세브리깡,9.21,강도하,0,0,0,0,0,0,0,1,1,0,0,0,0,"['필요', '신작', '도하']"
2326,비행접시 ,9.25,고리타,0,0,0,0,1,1,0,0,0,0,0,0,0,"['유죄', '사랑', '발발', '쟁탈전', '목숨']"
2327,탁구공,9.82,조금산,0,0,0,0,0,0,0,1,0,0,0,0,0,"['의문', '사랑', '노숙자', '기억']"
2328,사랑보험,8.47,와자,0,0,0,0,0,1,0,0,1,0,0,0,0,"['필요', '보험', '사랑']"
2329,죽이는 노래방,8.62,변기현,0,0,0,0,0,0,0,0,0,1,0,0,0,"['방법', '노래방']"
2330,환상스케치,7.07,마진,0,0,0,0,0,0,0,0,1,0,0,0,1,"['청춘', '환상', '기억']"
2331,삼백이론,9.64,계란계란,0,0,0,0,1,0,0,0,0,0,0,0,1,"['일상', '해석', '우등', '우등생', '소녀', '망상']"
2332,어게인,9.55,강풀,0,0,0,0,0,0,0,0,0,1,0,0,0,"['스릴', '강풀', '미심', '시즌', '최신작']"
2333,업그레이드 ,8.1,선성경 ,0,0,0,0,0,1,0,1,0,0,0,0,0,"['지능', '업그레이드']"
2334,SO MANY PEOPLE,8.96,김상수,0,0,0,0,1,1,0,0,0,0,0,0,0,"['정체', '특별']"
2335,무차별! 강팀장,9.57,홍경원,0,0,0,0,1,0,0,1,0,0,0,0,0,"['위주', '성과', '리더십', '위기', '최대', '무차별', '팀장']"
2336,미확인거주물체,9.56,장이,0,0,0,0,0,1,0,0,0,1,0,0,0,"['물체', '독특', '확인', '옆집', '동거', '미확인', '존재']"
2337,파페포포,9.5,심승현,0,0,0,0,0,0,0,0,1,0,0,0,0,"['열풍', '대한민국', '세상']"
2338,방벽동,9.14,제피가루,0,0,0,0,0,1,1,0,0,0,0,0,0,"['습격', '지구', '드라마', '생명체', '농촌', '메카닉', '세상']"
2339,밤12시 ,8.9,DAUM WEBTOON,0,0,0,0,0,0,0,0,0,1,0,0,0,"['공포', '금요일', '주간', '대표', '특별', '세상']"
2340,염라공주 모모레,9.47,주니쿵,0,0,0,0,1,1,0,0,0,0,0,0,0,"['모레', '공주', '염라국', '세계', '식솔', '좌충우돌']"
2341,술,9.18,고영훈,0,0,0,0,0,1,1,0,0,0,0,0,0,"['트레이스', '네스티', '증오', '사랑', '판타지']"
2342,12월 ,9.53,송래현,0,0,0,0,0,1,0,0,1,0,0,0,0,"['전작', '사랑', '가슴']"
2343,고양이 장례식,9.58,홍작가,0,0,0,0,0,0,0,0,1,0,0,0,0,"['극장', '고양이', '장례식', '단편', '부작']"
2344,향연상자,9.71,Hun,0,0,0,0,0,0,0,0,0,1,0,0,1,"['무장', '게임', '박스', '컨테이너', '생존']"
2345,박대리는 사회 부적응자,9.04,김상수,0,0,0,0,1,0,0,0,0,0,0,0,0,"['동시', '지구', '대리', '외계인', '계인']"
2346,항해1,9.74,Hun,0,0,0,0,0,1,1,0,0,0,0,0,0,"['항해', '최종']"
2347,해골택시,8.53,와자,0,0,0,0,1,1,0,0,0,0,0,0,0,"['자여', '이제', '택시', '포기', '대가']"
2348,마음이 만든 것,9.8,정필원,0,0,0,0,0,1,0,1,1,0,0,0,0,"['필원', '추억', '아이', '여행', '순수', '로맨스']"
2349,이웃사람,9.05,강풀,0,0,0,0,0,0,0,0,0,1,0,0,0,"['대상', '오늘', '공포']"
2350,샴,9.6,Hun,0,0,0,0,0,0,0,0,0,0,0,0,1,"['형제', '운명', '사고', '공유', '비극적', '비극', '불의', '쌍둥이', '서로']"
2351,천사의 섬,9.53,고리타,0,0,0,0,1,1,0,0,0,0,0,0,0,"['표류', '주인공', '천사']"
2352,데이지2,9.15,청설모,0,0,0,1,0,0,0,0,1,0,0,0,0,"['토순', '사랑', '데이지']"
2353,무림수사대,8.77,이충호,0,0,0,0,0,0,1,0,0,0,0,0,0,"['백작', '무림', '수사대']"
2354,페퍼민트 ,8.22,안윤정,0,0,0,0,0,0,0,1,1,0,0,0,0,"['오렌지', '그동안', '민트', '결합']"
2355,교수인형,9.74,팀 겟네임,0,0,0,0,0,0,0,0,0,1,0,0,0,"['만화가', '도전', '인기', '아마추어', '나도', '폭발적', '폭발', '코너']"
2356,데자뷰,9.53,Hun,0,0,0,0,0,1,0,0,1,0,0,0,0,"['추천', '감동', '도전', '독자']"
2357,공길동전,8.76,최가야 ,0,0,0,0,1,1,0,0,0,0,0,0,0,"['고전', '고전적', '메카닉', '가야', '최적', '결합', '창조', '영웅담', '현대']"
2358,울트라병장,9.39,김민재,0,0,0,0,1,1,0,0,0,0,0,0,0,"['대한민국', '리얼', '병장', '울트라', '코믹', '평화', '메카닉']"
2359,블러드 오션,9.6,팀 풍경,0,0,0,0,0,1,1,0,0,0,0,0,0,"['우주', '형과', '배회', '행로', '이연', '동생']"
2360,"봄, 가을",9.62,이림,0,0,0,0,0,1,0,0,1,0,0,0,0,"['가을', '특유', '전개', '코믹']"
2361,큐브릭,8.81,강도하,0,0,0,0,0,1,0,0,1,0,0,0,0,"['완결편', '완결', '청춘', '사랑', '부작']"
2362,커피 앤 페이퍼,9.17,남지은,0,0,0,0,0,0,0,0,1,0,0,0,0,"['진학', '사랑', '고민']"
2363,모니 앤 스토리,9.46,마이모니,0,0,0,1,0,1,0,0,0,0,0,0,0,"['미완', '인형', '봉제', '사랑', '모니', '미완성', '주인']"
2364,도로시밴드,9.6,홍작가,0,0,0,0,0,1,0,0,0,0,0,0,0,"['버들', '도로', '환상', '안내', '보세', '밴드', '나라']"
2365,브이,9.73,제피가루,0,0,0,0,0,1,1,0,0,0,0,0,0,"['태권', '귀환', '영웅', '시절', '브이']"
2366,천년동화,9.78,호랑,0,0,0,0,0,0,0,0,1,1,0,0,0,"['전래', '동화', '해석', '할머니', '할아버지', '현대적', '현대']"
2367,그대를 사랑합니다,9.69,강풀,0,0,0,0,0,0,0,0,1,0,0,0,0,"['강풀', '순정', '어른', '손끝', '사랑']"
2368,오리우리,9.46,캐러멜,0,0,0,0,1,0,0,0,1,0,0,0,0,"['백수', '청년', '어로', '캐러멜', '탈출기', '솔로']"
2369,도깨비,9.29,고영훈,0,0,0,0,0,1,1,0,0,0,0,0,0,"['데뷔작', '네스티', '대상', '디지털', '공모전']"
2370,죽는남자,9.79,이림,0,0,0,0,0,0,0,1,0,0,0,0,0,"['시간', '준비', '동안', '채비']"
2371,스멜스 라이크 30 스피릿,8.89,고리타,0,0,0,1,1,0,0,0,0,0,0,0,0,"['자화상', '특유', '코드', '현대인', '편곡', '우울', '고리', '개그']"
2372,로맨스 킬러,9.05,강도하,0,0,0,0,0,0,0,0,1,1,0,0,0,"['청춘', '도하', '열정', '부작', '순도']"
2373,26년,9.49,강풀,0,0,0,0,0,0,0,1,0,0,0,0,0,"['재미', '소재', '대중적', '대중', '박수']"
2374,제갈주먹,9.48,청설모,0,0,0,0,0,0,1,0,0,0,0,0,0,"['플래시', '부활', '사랑', '인터넷', '독자', '세상']"
2375,심인애씨의 소유,8.7,남지은,0,0,0,0,0,0,0,0,1,0,0,0,0,"['밀리', '사랑']"
2376,돈까스취업,9.54,노란구미,0,0,0,1,0,0,0,1,0,0,0,0,0,"['행운', '고민', '결과', '위안', '취업', '기원', '돈까스']"
2377,남아돌아,9.53,캐러멜,0,0,0,0,1,0,0,0,1,0,0,0,0,"['데뷔작', '인기']"
2378,타이밍,9.64,강풀,0,0,0,0,0,0,0,0,0,1,0,0,0,"['시간', '개념']"
2379,놀아죠 패밀리,8.35,남지은,0,0,0,1,0,0,0,0,0,0,0,0,0,"['감동', '네티즌', '감동적', '데뷔작']"
2380,바보,9.49,강풀,0,0,0,0,0,0,0,1,1,0,0,0,0,"['바보', '순정', '겨울', '사랑', '웃음', '가슴']"
2381,데이지1,9.18,청설모,0,0,0,1,0,0,0,0,0,0,0,0,0,"['플래시', '확보', '부활', '이소', '청설모', '시리즈', '데뷔', '세상']"
2382,아파트,9.18,강풀,0,0,0,0,0,0,0,0,0,1,0,0,0,"['풀만', '공포', '영화', '제작', '화제']"
2383,순정만화,9.47,강풀,0,0,0,0,0,0,0,1,1,0,0,0,0,"['강풀', '순정', '히트', '대표', '최고']"
